Workbook

Sheet HUONG DAN
A1: CHƯƠNG TRÌNH DỰ ĐOÁN BÓNG ĐÁ WORLD CUP 2026
A3: Sân chơi giao lưu — 100 người chơi — Vui cùng trái bóng tròn
A5: I. GIỚI THIỆU
A6: • Chương trình dự đoán 104 trận đấu World Cup 2026 cho 100 người chơi. • Thời gian thi đấu hiển thị theo GIỜ VIỆT NAM (GMT+7). • Thứ tự trận đấu theo đúng FIFA Match ID (Trận 1 - 104). • Trên Google Sheets, hệ thống tự động: phân quyền theo email, khóa sau giờ trận, gửi email nhắc nhở, đồng bộ tỉ số từ API, dashboard biểu đồ.
A12: II. LUẬT CHƠI & CÁCH TÍNH ĐIỂM
A14: 1. Điểm cơ sở mỗi trận:
B15: Loại dự đoán | C15: Mô tả | D15: Điểm
B16: Đúng tỉ số chính xác | C16: Đoán đúng cả 2 số bàn thắng (VD: 2-1 → 2-1) | D16: 3
B17: Đúng hiệu số | C17: Sai tỉ số nhưng đúng hiệu số bàn (VD: 2-1 → 3-2) | D17: 2
B18: Đúng kết quả | C18: Chỉ đúng đội thắng/hòa/thua | D18: 1
B19: Sai | C19: Không đoán đúng kết quả | D19: 0
A21: 2. Hệ số nhân theo vòng đấu:
B22: Vòng đấu | C22: Số trận | D22: Hệ số
B23: Vòng bảng | C23: 72 | D23: 1
B24: Vòng 1/16 (R32) | C24: 16 | D24: 1.5
B25: Vòng 1/8 (R16) | C25: 8 | D25: 2
B26: Tứ kết | C26: 4 | D26: 2.5
B27: Bán kết | C27: 2 | D27: 3
B28: Tranh hạng 3 | C28: 1 | D28: 2
B29: Chung kết | C29: 1 | D29: 4

Sheet BẢNG ĐẤU
A1: ⚽ BẢNG XẾP HẠNG 12 BẢNG ĐẤU — WORLD CUP 2026
A2: Tự động cập nhật theo kết quả nhập ở sheet DU DOAN (cột K, L) và thẻ phạt ở sheet THE PHAT. Xếp hạng theo: Điểm → Hiệu số → Bàn thắng (quy định FIFA WC 2026).
A3: 🟢 Nhất bảng - vào R32 | L3: 🟢 Nhì bảng - vào R32 | W3: 🟡 Hạng 3 - đợi xét (8 best 3rd vào R32)
A5: BẢNG A | O5: BẢNG B | AC5: BẢNG C
A6: # | B6: 🏴 | C6: Đội tuyển | D6: Đá | E6: T | F6: H | G6: B | H6: GF | I6: GA | J6: GD | K6: 🟨 | L6: 🟥 | M6: Pts | O6: # | P6: 🏴 | Q6: Đội tuyển | R6: Đá | S6: T | T6: H | U6: B | V6: GF | W6: GA | X6: GD | Y6: 🟨 | Z6: 🟥 | AA6: Pts | AC6: # | AD6: 🏴 | AE6: Đội tuyển | AF6: Đá | AG6: T | AH6: H | AI6: B | AJ6: GF | AK6: GA | AL6: GD | AM6: 🟨 | AN6: 🟥 | AO6: Pts | AY6: A | AZ6: Mexico | BA6: 🇲🇽 | BB6: =SUMPRODUCT(('DU DOAN'!$B$4:$B$107="Vòng bảng")*('DU DOAN'!$D$4:$D$107="A")*ISNUMBER('DU DOAN'!$K$4:$K$107)*ISNUMBER('DU DOAN'!$L$4:$L$107)*(('DU DOAN'!$H$4:$H$107="Mexico")+('DU DOAN'!$I$4:$I$107="Mexico"))) -> 0 | BC6: =SUMPRODUCT(('DU DOAN'!$B$4:$B$107="Vòng bảng")*('DU DOAN'!$D$4:$D$107="A")*ISNUMBER('DU DOAN'!$K$4:$K$107)*ISNUMBER('DU DOAN'!$L$4:$L$107)*(('DU DOAN'!$H$4:$H$107="Mexico")*('DU DOAN'!$K$4:$K$107>'DU DOAN'!$L$4:$L$107)+('DU DOAN'!$I$4:$I$107="Mexico")*('DU DOAN'!$L$4:$L$107>'DU DOAN'!$K$4:$K$107))) -> 0 | BD6: =SUMPRODUCT(('DU DOAN'!$B$4:$B$107="Vòng bảng")*('DU DOAN'!$D$4:$D$107="A")*ISNUMBER('DU DOAN'!$K$4:$K$107)*ISNUMBER('DU DOAN'!$L$4:$L$107)*(('DU DOAN'!$H$4:$H$107="Mexico")*('DU DOAN'!$K$4:$K$107='DU DOAN'!$L$4:$L$107)+('DU DOAN'!$I$4:$I$107="Mexico")*('DU DOAN'!$K$4:$K$107='DU DOAN'!$L$4:$L$107))) -> 0 | BE6: =SUMPRODUCT(('DU DOAN'!$B$4:$B$107="Vòng bảng")*('DU DOAN'!$D$4:$D$107="A")*ISNUMBER('DU DOAN'!$K$4:$K$107)*ISNUMBER('DU DOAN'!$L$4:$L$107)*(('DU DOAN'!$H$4:$H$107="Mexico")*('DU DOAN'!$K$4:$K$107<'DU DOAN'!$L$4:$L$107)+('DU DOAN'!$I$4:$I$107="Mexico")*('DU DOAN'!$L$4:$L$107<'DU DOAN'!$K$4:$K$107))) -> 0 | BF6: =SUMPRODUCT(('DU DOAN'!$B$4:$B$107="Vòng bảng")*('DU DOAN'!$D$4:$D$107="A")*ISNUMBER('DU DOAN'!$K$4:$K$107)*ISNUMBER('DU DOAN'!$L$4:$L$107)*(('DU DOAN'!$H$4:$H$107="Mexico")*'DU DOAN'!$K$4:$K$107+('DU DOAN'!$I$4:$I$107="Mexico")*'DU DOAN'!$L$4:$L$107)) -> 0 | BG6: =SUMPRODUCT(('DU DOAN'!$B$4:$B$107="Vòng bảng")*('DU DOAN'!$D$4:$D$107="A")*ISNUMBER('DU DOAN'!$K$4:$K$107)*ISNUMBER('DU DOAN'!$L$4:$L$107)*(('DU DOAN'!$H$4:$H$107="Mexico")*'DU DOAN'!$L$4:$L$107+('DU DOAN'!$I$4:$I$107="Mexico")*'DU DOAN'!$K$4:$K$107)) -> 0 | BH6: =BF6-BG6 -> 0 | BI6: =SUMPRODUCT(IFERROR((#REF!="Mexico")*#REF!,0))+SUMPRODUCT(IFERROR((#REF!="Mexico")*#REF!,0)) -> 0 | BJ6: =SUMPRODUCT(IFERROR((#REF!="Mexico")*#REF!,0))+SUMPRODUCT(IFERROR((#REF!="Mexico")*#REF!,0)) -> 0 | BK6: =3*BC6+BD6 -> 0 | BL6: =BK6*1000000+BH6*10000+BF6*100+4 -> 4
A7: 1 | B7: {=INDEX($BA$6:$BA$9,MATCH(LARGE($BL$6:$BL$9,1),$BL$6:$BL$9,0))} -> 🇲🇽 | C7: {=INDEX($AZ$6:$AZ$9,MATCH(LARGE($BL$6:$BL$9,1),$BL$6:$BL$9,0))} -> Mexico | D7: {=INDEX($AZ$6:$BL$9,MATCH(LARGE($BL$6:$BL$9,1),$BL$6:$BL$9,0),3)} -> 0 | E7: {=INDEX($AZ$6:$BL$9,MATCH(LARGE($BL$6:$BL$9,1),$BL$6:$BL$9,0),4)} -> 0 | F7: {=INDEX($AZ$6:$BL$9,MATCH(LARGE($BL$6:$BL$9,1),$BL$6:$BL$9,0),5)} -> 0 | G7: {=INDEX($AZ$6:$BL$9,MATCH(LARGE($BL$6:$BL$9,1),$BL$6:$BL$9,0),6)} -> 0 | H7: {=INDEX($AZ$6:$BL$9,MATCH(LARGE($BL$6:$BL$9,1),$BL$6:$BL$9,0),7)} -> 0 | I7: {=INDEX($AZ$6:$BL$9,MATCH(LARGE($BL$6:$BL$9,1),$BL$6:$BL$9,0),8)} -> 0 | J7: {=INDEX($AZ$6:$BL$9,MATCH(LARGE($BL$6:$BL$9,1),$BL$6:$BL$9,0),9)} -> 0 | K7: {=INDEX($AZ$6:$BL$9,MATCH(LARGE($BL$6:$BL$9,1),$BL$6:$BL$9,0),10)} -> 0 | L7: {=INDEX($AZ$6:$BL$9,MATCH(LARGE($BL$6:$BL$9,1),$BL$6:$BL$9,0),11)} -> 0 | M7: {=INDEX($AZ$6:$BL$9,MATCH(LARGE($BL$6:$BL$9,1),$BL$6:$BL$9,0),12)} -> 0 | O7: 1 | P7: {=INDEX($BA$11:$BA$14,MATCH(LARGE($BL$11:$BL$14,1),$BL$11:$BL$14,0))} -> 🇨🇦 | Q7: {=INDEX($AZ$11:$AZ$14,MATCH(LARGE($BL$11:$BL$14,1),$BL$11:$BL$14,0))} -> Canada | R7: {=INDEX($AZ$11:$BL$14,MATCH(LARGE($BL$11:$BL$14,1),$BL$11:$BL$14,0),3)} -> 0 | S7: {=INDEX($AZ$11:$BL$14,MATCH(LARGE($BL$11:$BL$14,1),$BL$11:$BL$14,0),4)} -> 0 | T7: {=INDEX($AZ$11:$BL$14,MATCH(LARGE($BL$11:$BL$14,1),$BL$11:$BL$14,0),5)} -> 0 | U7: {=INDEX($AZ$11:$BL$14,MATCH(LARGE($BL$11:$BL$14,1),$BL$11:$BL$14,0),6)} -> 0 | V7: {=INDEX($AZ$11:$BL$14,MATCH(LARGE($BL$11:$BL$14,1),$BL$11:$BL$14,0),7)} -> 0 | W7: {=INDEX($AZ$11:$BL$14,MATCH(LARGE($BL$11:$BL$14,1),$BL$11:$BL$14,0),8)} -> 0 | X7: {=INDEX($AZ$11:$BL$14,MATCH(LARGE($BL$11:$BL$14,1),$BL$11:$BL$14,0),9)} -> 0 | Y7: {=INDEX($AZ$11:$BL$14,MATCH(LARGE($BL$11:$BL$14,1),$BL$11:$BL$14,0),10)} -> 0 | Z7: {=INDEX($AZ$11:$BL$14,MATCH(LARGE($BL$11:$BL$14,1),$BL$11:$BL$14,0),11)} -> 0 | AA7: {=INDEX($AZ$11:$BL$14,MATCH(LARGE($BL$11:$BL$14,1),$BL$11:$BL$14,0),12)} -> 0 | AC7: 1 | AD7: {=INDEX($BA$16:$BA$19,MATCH(LARGE($BL$16:$BL$19,1),$BL$16:$BL$19,0))} -> 🇧🇷 | AE7: {=INDEX($AZ$16:$AZ$19,MATCH(LARGE($BL$16:$BL$19,1),$BL$16:$BL$19,0))} -> Brazil | AF7: {=INDEX($AZ$16:$BL$19,MATCH(LARGE($BL$16:$BL$19,1),$BL$16:$BL$19,0),3)} -> 0 | AG7: {=INDEX($AZ$16:$BL$19,MATCH(LARGE($BL$16:$BL$19,1),$BL$16:$BL$19,0),4)} -> 0 | AH7: {=INDEX($AZ$16:$BL$19,MATCH(LARGE($BL$16:$BL$19,1),$BL$16:$BL$19,0),5)} -> 0 | AI7: {=INDEX($AZ$16:$BL$19,MATCH(LARGE($BL$16:$BL$19,1),$BL$16:$BL$19,0),6)} -> 0 | AJ7: {=INDEX($AZ$16:$BL$19,MATCH(LARGE($BL$16:$BL$19,1),$BL$16:$BL$19,0),7)} -> 0 | AK7: {=INDEX($AZ$16:$BL$19,MATCH(LARGE($BL$16:$BL$19,1),$BL$16:$BL$19,0),8)} -> 0 | AL7: {=INDEX($AZ$16:$BL$19,MATCH(LARGE($BL$16:$BL$19,1),$BL$16:$BL$19,0),9)} -> 0 | AM7: {=INDEX($AZ$16:$BL$19,MATCH(LARGE($BL$16:$BL$19,1),$BL$16:$BL$19,0),10)} -> 0 | AN7: {=INDEX($AZ$16:$BL$19,MATCH(LARGE($BL$16:$BL$19,1),$BL$16:$BL$19,0),11)} -> 0 | AO7: {=INDEX($AZ$16:$BL$19,MATCH(LARGE($BL$16:$BL$19,1),$BL$16:$BL$19,0),12)} -> 0 | AZ7: Korea Republic | BA7: 🇰🇷 | BB7: =SUMPRODUCT(('DU DOAN'!$B$4:$B$107="Vòng bảng")*('DU DOAN'!$D$4:$D$107="A")*ISNUMBER('DU DOAN'!$K$4:$K$107)*ISNUMBER('DU DOAN'!$L$4:$L$107)*(('DU DOAN'!$H$4:$H$107="Korea Republic")+('DU DOAN'!$I$4:$I$107="Korea Republic"))) -> 0 | BC7: =SUMPRODUCT(('DU DOAN'!$B$4:$B$107="Vòng bảng")*('DU DOAN'!$D$4:$D$107="A")*ISNUMBER('DU DOAN'!$K$4:$K$107)*ISNUMBER('DU DOAN'!$L$4:$L$107)*(('DU DOAN'!$H$4:$H$107="Korea Republic")*('DU DOAN'!$K$4:$K$107>'DU DOAN'!$L$4:$L$107)+('DU DOAN'!$I$4:$I$107="Korea Republic")*('DU DOAN'!$L$4:$L$107>'DU DOAN'!$K$4:$K$107))) -> 0 | BD7: =SUMPRODUCT(('DU DOAN'!$B$4:$B$107="Vòng bảng")*('DU DOAN'!$D$4:$D$107="A")*ISNUMBER('DU DOAN'!$K$4:$K$107)*ISNUMBER('DU DOAN'!$L$4:$L$107)*(('DU DOAN'!$H$4:$H$107="Korea Republic")*('DU DOAN'!$K$4:$K$107='DU DOAN'!$L$4:$L$107)+('DU DOAN'!$I$4:$I$107="Korea Republic")*('DU DOAN'!$K$4:$K$107='DU DOAN'!$L$4:$L$107))) -> 0 | BE7: =SUMPRODUCT(('DU DOAN'!$B$4:$B$107="Vòng bảng")*('DU DOAN'!$D$4:$D$107="A")*ISNUMBER('DU DOAN'!$K$4:$K$107)*ISNUMBER('DU DOAN'!$L$4:$L$107)*(('DU DOAN'!$H$4:$H$107="Korea Republic")*('DU DOAN'!$K$4:$K$107<'DU DOAN'!$L$4:$L$107)+('DU DOAN'!$I$4:$I$107="Korea Republic")*('DU DOAN'!$L$4:$L$107<'DU DOAN'!$K$4:$K$107))) -> 0 | BF7: =SUMPRODUCT(('DU DOAN'!$B$4:$B$107="Vòng bảng")*('DU DOAN'!$D$4:$D$107="A")*ISNUMBER('DU DOAN'!$K$4:$K$107)*ISNUMBER('DU DOAN'!$L$4:$L$107)*(('DU DOAN'!$H$4:$H$107="Korea Republic")*'DU DOAN'!$K$4:$K$107+('DU DOAN'!$I$4:$I$107="Korea Republic")*'DU DOAN'!$L$4:$L$107)) -> 0 | BG7: =SUMPRODUCT(('DU DOAN'!$B$4:$B$107="Vòng bảng")*('DU DOAN'!$D$4:$D$107="A")*ISNUMBER('DU DOAN'!$K$4:$K$107)*ISNUMBER('DU DOAN'!$L$4:$L$107)*(('DU DOAN'!$H$4:$H$107="Korea Republic")*'DU DOAN'!$L$4:$L$107+('DU DOAN'!$I$4:$I$107="Korea Republic")*'DU DOAN'!$K$4:$K$107)) -> 0 | BH7: =BF7-BG7 -> 0 | BI7: =SUMPRODUCT(IFERROR((#REF!="Korea Republic")*#REF!,0))+SUMPRODUCT(IFERROR((#REF!="Korea Republic")*#REF!,0)) -> 0 | BJ7: =SUMPRODUCT(IFERROR((#REF!="Korea Republic")*#REF!,0))+SUMPRODUCT(IFERROR((#REF!="Korea Republic")*#REF!,0)) -> 0 | BK7: =3*BC7+BD7 -> 0 | BL7: =BK7*1000000+BH7*10000+BF7*100+3 -> 3
A8: 2 | B8: {=INDEX($BA$6:$BA$9,MATCH(LARGE($BL$6:$BL$9,2),$BL$6:$BL$9,0))} -> 🇰🇷 | C8: {=INDEX($AZ$6:$AZ$9,MATCH(LARGE($BL$6:$BL$9,2),$BL$6:$BL$9,0))} -> Korea Republic | D8: {=INDEX($AZ$6:$BL$9,MATCH(LARGE($BL$6:$BL$9,2),$BL$6:$BL$9,0),3)} -> 0 | E8: {=INDEX($AZ$6:$BL$9,MATCH(LARGE($BL$6:$BL$9,2),$BL$6:$BL$9,0),4)} -> 0 | F8: {=INDEX($AZ$6:$BL$9,MATCH(LARGE($BL$6:$BL$9,2),$BL$6:$BL$9,0),5)} -> 0 | G8: {=INDEX($AZ$6:$BL$9,MATCH(LARGE($BL$6:$BL$9,2),$BL$6:$BL$9,0),6)} -> 0 | H8: {=INDEX($AZ$6:$BL$9,MATCH(LARGE($BL$6:$BL$9,2),$BL$6:$BL$9,0),7)} -> 0 | I8: {=INDEX($AZ$6:$BL$9,MATCH(LARGE($BL$6:$BL$9,2),$BL$6:$BL$9,0),8)} -> 0 | J8: {=INDEX($AZ$6:$BL$9,MATCH(LARGE($BL$6:$BL$9,2),$BL$6:$BL$9,0),9)} -> 0 | K8: {=INDEX($AZ$6:$BL$9,MATCH(LARGE($BL$6:$BL$9,2),$BL$6:$BL$9,0),10)} -> 0 | L8: {=INDEX($AZ$6:$BL$9,MATCH(LARGE($BL$6:$BL$9,2),$BL$6:$BL$9,0),11)} -> 0 | M8: {=INDEX($AZ$6:$BL$9,MATCH(LARGE($BL$6:$BL$9,2),$BL$6:$BL$9,0),12)} -> 0 | O8: 2 | P8: {=INDEX($BA$11:$BA$14,MATCH(LARGE($BL$11:$BL$14,2),$BL$11:$BL$14,0))} -> 🇨🇭 | Q8: {=INDEX($AZ$11:$AZ$14,MATCH(LARGE($BL$11:$BL$14,2),$BL$11:$BL$14,0))} -> Switzerland | R8: {=INDEX($AZ$11:$BL$14,MATCH(LARGE($BL$11:$BL$14,2),$BL$11:$BL$14,0),3)} -> 0 | S8: {=INDEX($AZ$11:$BL$14,MATCH(LARGE($BL$11:$BL$14,2),$BL$11:$BL$14,0),4)} -> 0 | T8: {=INDEX($AZ$11:$BL$14,MATCH(LARGE($BL$11:$BL$14,2),$BL$11:$BL$14,0),5)} -> 0 | U8: {=INDEX($AZ$11:$BL$14,MATCH(LARGE($BL$11:$BL$14,2),$BL$11:$BL$14,0),6)} -> 0 | V8: {=INDEX($AZ$11:$BL$14,MATCH(LARGE($BL$11:$BL$14,2),$BL$11:$BL$14,0),7)} -> 0 | W8: {=INDEX($AZ$11:$BL$14,MATCH(LARGE($BL$11:$BL$14,2),$BL$11:$BL$14,0),8)} -> 0 | X8: {=INDEX($AZ$11:$BL$14,MATCH(LARGE($BL$11:$BL$14,2),$BL$11:$BL$14,0),9)} -> 0 | Y8: {=INDEX($AZ$11:$BL$14,MATCH(LARGE($BL$11:$BL$14,2),$BL$11:$BL$14,0),10)} -> 0 | Z8: {=INDEX($AZ$11:$BL$14,MATCH(LARGE($BL$11:$BL$14,2),$BL$11:$BL$14,0),11)} -> 0 | AA8: {=INDEX($AZ$11:$BL$14,MATCH(LARGE($BL$11:$BL$14,2),$BL$11:$BL$14,0),12)} -> 0 | AC8: 2 | AD8: {=INDEX($BA$16:$BA$19,MATCH(LARGE($BL$16:$BL$19,2),$BL$16:$BL$19,0))} -> 🏴󠁧󠁢󠁳󠁣󠁴󠁿 | AE8: {=INDEX($AZ$16:$AZ$19,MATCH(LARGE($BL$16:$BL$19,2),$BL$16:$BL$19,0))} -> Scotland | AF8: {=INDEX($AZ$16:$BL$19,MATCH(LARGE($BL$16:$BL$19,2),$BL$16:$BL$19,0),3)} -> 0 | AG8: {=INDEX($AZ$16:$BL$19,MATCH(LARGE($BL$16:$BL$19,2),$BL$16:$BL$19,0),4)} -> 0 | AH8: {=INDEX($AZ$16:$BL$19,MATCH(LARGE($BL$16:$BL$19,2),$BL$16:$BL$19,0),5)} -> 0 | AI8: {=INDEX($AZ$16:$BL$19,MATCH(LARGE($BL$16:$BL$19,2),$BL$16:$BL$19,0),6)} -> 0 | AJ8: {=INDEX($AZ$16:$BL$19,MATCH(LARGE($BL$16:$BL$19,2),$BL$16:$BL$19,0),7)} -> 0 | AK8: {=INDEX($AZ$16:$BL$19,MATCH(LARGE($BL$16:$BL$19,2),$BL$16:$BL$19,0),8)} -> 0 | AL8: {=INDEX($AZ$16:$BL$19,MATCH(LARGE($BL$16:$BL$19,2),$BL$16:$BL$19,0),9)} -> 0 | AM8: {=INDEX($AZ$16:$BL$19,MATCH(LARGE($BL$16:$BL$19,2),$BL$16:$BL$19,0),10)} -> 0 | AN8: {=INDEX($AZ$16:$BL$19,MATCH(LARGE($BL$16:$BL$19,2),$BL$16:$BL$19,0),11)} -> 0 | AO8: {=INDEX($AZ$16:$BL$19,MATCH(LARGE($BL$16:$BL$19,2),$BL$16:$BL$19,0),12)} -> 0 | AZ8: Czechia | BA8: 🇨🇿 | BB8: =SUMPRODUCT(('DU DOAN'!$B$4:$B$107="Vòng bảng")*('DU DOAN'!$D$4:$D$107="A")*ISNUMBER('DU DOAN'!$K$4:$K$107)*ISNUMBER('DU DOAN'!$L$4:$L$107)*(('DU DOAN'!$H$4:$H$107="Czechia")+('DU DOAN'!$I$4:$I$107="Czechia"))) -> 0 | BC8: =SUMPRODUCT(('DU DOAN'!$B$4:$B$107="Vòng bảng")*('DU DOAN'!$D$4:$D$107="A")*ISNUMBER('DU DOAN'!$K$4:$K$107)*ISNUMBER('DU DOAN'!$L$4:$L$107)*(('DU DOAN'!$H$4:$H$107="Czechia")*('DU DOAN'!$K$4:$K$107>'DU DOAN'!$L$4:$L$107)+('DU DOAN'!$I$4:$I$107="Czechia")*('DU DOAN'!$L$4:$L$107>'DU DOAN'!$K$4:$K$107))) -> 0 | BD8: =SUMPRODUCT(('DU DOAN'!$B$4:$B$107="Vòng bảng")*('DU DOAN'!$D$4:$D$107="A")*ISNUMBER('DU DOAN'!$K$4:$K$107)*ISNUMBER('DU DOAN'!$L$4:$L$107)*(('DU DOAN'!$H$4:$H$107="Czechia")*('DU DOAN'!$K$4:$K$107='DU DOAN'!$L$4:$L$107)+('DU DOAN'!$I$4:$I$107="Czechia")*('DU DOAN'!$K$4:$K$107='DU DOAN'!$L$4:$L$107))) -> 0 | BE8: =SUMPRODUCT(('DU DOAN'!$B$4:$B$107="Vòng bảng")*('DU DOAN'!$D$4:$D$107="A")*ISNUMBER('DU DOAN'!$K$4:$K$107)*ISNUMBER('DU DOAN'!$L$4:$L$107)*(('DU DOAN'!$H$4:$H$107="Czechia")*('DU DOAN'!$K$4:$K$107<'DU DOAN'!$L$4:$L$107)+('DU DOAN'!$I$4:$I$107="Czechia")*('DU DOAN'!$L$4:$L$107<'DU DOAN'!$K$4:$K$107))) -> 0 | BF8: =SUMPRODUCT(('DU DOAN'!$B$4:$B$107="Vòng bảng")*('DU DOAN'!$D$4:$D$107="A")*ISNUMBER('DU DOAN'!$K$4:$K$107)*ISNUMBER('DU DOAN'!$L$4:$L$107)*(('DU DOAN'!$H$4:$H$107="Czechia")*'DU DOAN'!$K$4:$K$107+('DU DOAN'!$I$4:$I$107="Czechia")*'DU DOAN'!$L$4:$L$107)) -> 0 | BG8: =SUMPRODUCT(('DU DOAN'!$B$4:$B$107="Vòng bảng")*('DU DOAN'!$D$4:$D$107="A")*ISNUMBER('DU DOAN'!$K$4:$K$107)*ISNUMBER('DU DOAN'!$L$4:$L$107)*(('DU DOAN'!$H$4:$H$107="Czechia")*'DU DOAN'!$L$4:$L$107+('DU DOAN'!$I$4:$I$107="Czechia")*'DU DOAN'!$K$4:$K$107)) -> 0 | BH8: =BF8-BG8 -> 0 | BI8: =SUMPRODUCT(IFERROR((#REF!="Czechia")*#REF!,0))+SUMPRODUCT(IFERROR((#REF!="Czechia")*#REF!,0)) -> 0 | BJ8: =SUMPRODUCT(IFERROR((#REF!="Czechia")*#REF!,0))+SUMPRODUCT(IFERROR((#REF!="Czechia")*#REF!,0)) -> 0 | BK8: =3*BC8+BD8 -> 0 | BL8: =BK8*1000000+BH8*10000+BF8*100+2 -> 2
A9: 3 | B9: {=INDEX($BA$6:$BA$9,MATCH(LARGE($BL$6:$BL$9,3),$BL$6:$BL$9,0))} -> 🇨🇿 | C9: {=INDEX($AZ$6:$AZ$9,MATCH(LARGE($BL$6:$BL$9,3),$BL$6:$BL$9,0))} -> Czechia | D9: {=INDEX($AZ$6:$BL$9,MATCH(LARGE($BL$6:$BL$9,3),$BL$6:$BL$9,0),3)} -> 0 | E9: {=INDEX($AZ$6:$BL$9,MATCH(LARGE($BL$6:$BL$9,3),$BL$6:$BL$9,0),4)} -> 0 | F9: {=INDEX($AZ$6:$BL$9,MATCH(LARGE($BL$6:$BL$9,3),$BL$6:$BL$9,0),5)} -> 0 | G9: {=INDEX($AZ$6:$BL$9,MATCH(LARGE($BL$6:$BL$9,3),$BL$6:$BL$9,0),6)} -> 0 | H9: {=INDEX($AZ$6:$BL$9,MATCH(LARGE($BL$6:$BL$9,3),$BL$6:$BL$9,0),7)} -> 0 | I9: {=INDEX($AZ$6:$BL$9,MATCH(LARGE($BL$6:$BL$9,3),$BL$6:$BL$9,0),8)} -> 0 | J9: {=INDEX($AZ$6:$BL$9,MATCH(LARGE($BL$6:$BL$9,3),$BL$6:$BL$9,0),9)} -> 0 | K9: {=INDEX($AZ$6:$BL$9,MATCH(LARGE($BL$6:$BL$9,3),$BL$6:$BL$9,0),10)} -> 0 | L9: {=INDEX($AZ$6:$BL$9,MATCH(LARGE($BL$6:$BL$9,3),$BL$6:$BL$9,0),11)} -> 0 | M9: {=INDEX($AZ$6:$BL$9,MATCH(LARGE($BL$6:$BL$9,3),$BL$6:$BL$9,0),12)} -> 0 | O9: 3 | P9: {=INDEX($BA$11:$BA$14,MATCH(LARGE($BL$11:$BL$14,3),$BL$11:$BL$14,0))} -> 🇧🇦 | Q9: {=INDEX($AZ$11:$AZ$14,MATCH(LARGE($BL$11:$BL$14,3),$BL$11:$BL$14,0))} -> Bosnia & Herzegovina | R9: {=INDEX($AZ$11:$BL$14,MATCH(LARGE($BL$11:$BL$14,3),$BL$11:$BL$14,0),3)} -> 0 | S9: {=INDEX($AZ$11:$BL$14,MATCH(LARGE($BL$11:$BL$14,3),$BL$11:$BL$14,0),4)} -> 0 | T9: {=INDEX($AZ$11:$BL$14,MATCH(LARGE($BL$11:$BL$14,3),$BL$11:$BL$14,0),5)} -> 0 | U9: {=INDEX($AZ$11:$BL$14,MATCH(LARGE($BL$11:$BL$14,3),$BL$11:$BL$14,0),6)} -> 0 | V9: {=INDEX($AZ$11:$BL$14,MATCH(LARGE($BL$11:$BL$14,3),$BL$11:$BL$14,0),7)} -> 0 | W9: {=INDEX($AZ$11:$BL$14,MATCH(LARGE($BL$11:$BL$14,3),$BL$11:$BL$14,0),8)} -> 0 | X9: {=INDEX($AZ$11:$BL$14,MATCH(LARGE($BL$11:$BL$14,3),$BL$11:$BL$14,0),9)} -> 0 | Y9: {=INDEX($AZ$11:$BL$14,MATCH(LARGE($BL$11:$BL$14,3),$BL$11:$BL$14,0),10)} -> 0 | Z9: {=INDEX($AZ$11:$BL$14,MATCH(LARGE($BL$11:$BL$14,3),$BL$11:$BL$14,0),11)} -> 0 | AA9: {=INDEX($AZ$11:$BL$14,MATCH(LARGE($BL$11:$BL$14,3),$BL$11:$BL$14,0),12)} -> 0 | AC9: 3 | AD9: {=INDEX($BA$16:$BA$19,MATCH(LARGE($BL$16:$BL$19,3),$BL$16:$BL$19,0))} -> 🇲🇦 | AE9: {=INDEX($AZ$16:$AZ$19,MATCH(LARGE($BL$16:$BL$19,3),$BL$16:$BL$19,0))} -> Morocco | AF9: {=INDEX($AZ$16:$BL$19,MATCH(LARGE($BL$16:$BL$19,3),$BL$16:$BL$19,0),3)} -> 0 | AG9: {=INDEX($AZ$16:$BL$19,MATCH(LARGE($BL$16:$BL$19,3),$BL$16:$BL$19,0),4)} -> 0 | AH9: {=INDEX($AZ$16:$BL$19,MATCH(LARGE($BL$16:$BL$19,3),$BL$16:$BL$19,0),5)} -> 0 | AI9: {=INDEX($AZ$16:$BL$19,MATCH(LARGE($BL$16:$BL$19,3),$BL$16:$BL$19,0),6)} -> 0 | AJ9: {=INDEX($AZ$16:$BL$19,MATCH(LARGE($BL$16:$BL$19,3),$BL$16:$BL$19,0),7)} -> 0 | AK9: {=INDEX($AZ$16:$BL$19,MATCH(LARGE($BL$16:$BL$19,3),$BL$16:$BL$19,0),8)} -> 0 | AL9: {=INDEX($AZ$16:$BL$19,MATCH(LARGE($BL$16:$BL$19,3),$BL$16:$BL$19,0),9)} -> 0 | AM9: {=INDEX($AZ$16:$BL$19,MATCH(LARGE($BL$16:$BL$19,3),$BL$16:$BL$19,0),10)} -> 0 | AN9: {=INDEX($AZ$16:$BL$19,MATCH(LARGE($BL$16:$BL$19,3),$BL$16:$BL$19,0),11)} -> 0 | AO9: {=INDEX($AZ$16:$BL$19,MATCH(LARGE($BL$16:$BL$19,3),$BL$16:$BL$19,0),12)} -> 0 | AZ9: South Africa | BA9: 🇿🇦 | BB9: =SUMPRODUCT(('DU DOAN'!$B$4:$B$107="Vòng bảng")*('DU DOAN'!$D$4:$D$107="A")*ISNUMBER('DU DOAN'!$K$4:$K$107)*ISNUMBER('DU DOAN'!$L$4:$L$107)*(('DU DOAN'!$H$4:$H$107="South Africa")+('DU DOAN'!$I$4:$I$107="South Africa"))) -> 0 | BC9: =SUMPRODUCT(('DU DOAN'!$B$4:$B$107="Vòng bảng")*('DU DOAN'!$D$4:$D$107="A")*ISNUMBER('DU DOAN'!$K$4:$K$107)*ISNUMBER('DU DOAN'!$L$4:$L$107)*(('DU DOAN'!$H$4:$H$107="South Africa")*('DU DOAN'!$K$4:$K$107>'DU DOAN'!$L$4:$L$107)+('DU DOAN'!$I$4:$I$107="South Africa")*('DU DOAN'!$L$4:$L$107>'DU DOAN'!$K$4:$K$107))) -> 0 | BD9: =SUMPRODUCT(('DU DOAN'!$B$4:$B$107="Vòng bảng")*('DU DOAN'!$D$4:$D$107="A")*ISNUMBER('DU DOAN'!$K$4:$K$107)*ISNUMBER('DU DOAN'!$L$4:$L$107)*(('DU DOAN'!$H$4:$H$107="South Africa")*('DU DOAN'!$K$4:$K$107='DU DOAN'!$L$4:$L$107)+('DU DOAN'!$I$4:$I$107="South Africa")*('DU DOAN'!$K$4:$K$107='DU DOAN'!$L$4:$L$107))) -> 0 | BE9: =SUMPRODUCT(('DU DOAN'!$B$4:$B$107="Vòng bảng")*('DU DOAN'!$D$4:$D$107="A")*ISNUMBER('DU DOAN'!$K$4:$K$107)*ISNUMBER('DU DOAN'!$L$4:$L$107)*(('DU DOAN'!$H$4:$H$107="South Africa")*('DU DOAN'!$K$4:$K$107<'DU DOAN'!$L$4:$L$107)+('DU DOAN'!$I$4:$I$107="South Africa")*('DU DOAN'!$L$4:$L$107<'DU DOAN'!$K$4:$K$107))) -> 0 | BF9: =SUMPRODUCT(('DU DOAN'!$B$4:$B$107="Vòng bảng")*('DU DOAN'!$D$4:$D$107="A")*ISNUMBER('DU DOAN'!$K$4:$K$107)*ISNUMBER('DU DOAN'!$L$4:$L$107)*(('DU DOAN'!$H$4:$H$107="South Africa")*'DU DOAN'!$K$4:$K$107+('DU DOAN'!$I$4:$I$107="South Africa")*'DU DOAN'!$L$4:$L$107)) -> 0 | BG9: =SUMPRODUCT(('DU DOAN'!$B$4:$B$107="Vòng bảng")*('DU DOAN'!$D$4:$D$107="A")*ISNUMBER('DU DOAN'!$K$4:$K$107)*ISNUMBER('DU DOAN'!$L$4:$L$107)*(('DU DOAN'!$H$4:$H$107="South Africa")*'DU DOAN'!$L$4:$L$107+('DU DOAN'!$I$4:$I$107="South Africa")*'DU DOAN'!$K$4:$K$107)) -> 0 | BH9: =BF9-BG9 -> 0 | BI9: =SUMPRODUCT(IFERROR((#REF!="South Africa")*#REF!,0))+SUMPRODUCT(IFERROR((#REF!="South Africa")*#REF!,0)) -> 0 | BJ9: =SUMPRODUCT(IFERROR((#REF!="South Africa")*#REF!,0))+SUMPRODUCT(IFERROR((#REF!="South Africa")*#REF!,0)) -> 0 | BK9: =3*BC9+BD9 -> 0 | BL9: =BK9*1000000+BH9*10000+BF9*100+1 -> 1
A10: 4 | B10: {=INDEX($BA$6:$BA$9,MATCH(LARGE($BL$6:$BL$9,4),$BL$6:$BL$9,0))} -> 🇿🇦 | C10: {=INDEX($AZ$6:$AZ$9,MATCH(LARGE($BL$6:$BL$9,4),$BL$6:$BL$9,0))} -> South Africa | D10: {=INDEX($AZ$6:$BL$9,MATCH(LARGE($BL$6:$BL$9,4),$BL$6:$BL$9,0),3)} -> 0 | E10: {=INDEX($AZ$6:$BL$9,MATCH(LARGE($BL$6:$BL$9,4),$BL$6:$BL$9,0),4)} -> 0 | F10: {=INDEX($AZ$6:$BL$9,MATCH(LARGE($BL$6:$BL$9,4),$BL$6:$BL$9,0),5)} -> 0 | G10: {=INDEX($AZ$6:$BL$9,MATCH(LARGE($BL$6:$BL$9,4),$BL$6:$BL$9,0),6)} -> 0 | H10: {=INDEX($AZ$6:$BL$9,MATCH(LARGE($BL$6:$BL$9,4),$BL$6:$BL$9,0),7)} -> 0 | I10: {=INDEX($AZ$6:$BL$9,MATCH(LARGE($BL$6:$BL$9,4),$BL$6:$BL$9,0),8)} -> 0 | J10: {=INDEX($AZ$6:$BL$9,MATCH(LARGE($BL$6:$BL$9,4),$BL$6:$BL$9,0),9)} -> 0 | K10: {=INDEX($AZ$6:$BL$9,MATCH(LARGE($BL$6:$BL$9,4),$BL$6:$BL$9,0),10)} -> 0 | L10: {=INDEX($AZ$6:$BL$9,MATCH(LARGE($BL$6:$BL$9,4),$BL$6:$BL$9,0),11)} -> 0 | M10: {=INDEX($AZ$6:$BL$9,MATCH(LARGE($BL$6:$BL$9,4),$BL$6:$BL$9,0),12)} -> 0 | O10: 4 | P10: {=INDEX($BA$11:$BA$14,MATCH(LARGE($BL$11:$BL$14,4),$BL$11:$BL$14,0))} -> 🇶🇦 | Q10: {=INDEX($AZ$11:$AZ$14,MATCH(LARGE($BL$11:$BL$14,4),$BL$11:$BL$14,0))} -> Qatar | R10: {=INDEX($AZ$11:$BL$14,MATCH(LARGE($BL$11:$BL$14,4),$BL$11:$BL$14,0),3)} -> 0 | S10: {=INDEX($AZ$11:$BL$14,MATCH(LARGE($BL$11:$BL$14,4),$BL$11:$BL$14,0),4)} -> 0 | T10: {=INDEX($AZ$11:$BL$14,MATCH(LARGE($BL$11:$BL$14,4),$BL$11:$BL$14,0),5)} -> 0 | U10: {=INDEX($AZ$11:$BL$14,MATCH(LARGE($BL$11:$BL$14,4),$BL$11:$BL$14,0),6)} -> 0 | V10: {=INDEX($AZ$11:$BL$14,MATCH(LARGE($BL$11:$BL$14,4),$BL$11:$BL$14,0),7)} -> 0 | W10: {=INDEX($AZ$11:$BL$14,MATCH(LARGE($BL$11:$BL$14,4),$BL$11:$BL$14,0),8)} -> 0 | X10: {=INDEX($AZ$11:$BL$14,MATCH(LARGE($BL$11:$BL$14,4),$BL$11:$BL$14,0),9)} -> 0 | Y10: {=INDEX($AZ$11:$BL$14,MATCH(LARGE($BL$11:$BL$14,4),$BL$11:$BL$14,0),10)} -> 0 | Z10: {=INDEX($AZ$11:$BL$14,MATCH(LARGE($BL$11:$BL$14,4),$BL$11:$BL$14,0),11)} -> 0 | AA10: {=INDEX($AZ$11:$BL$14,MATCH(LARGE($BL$11:$BL$14,4),$BL$11:$BL$14,0),12)} -> 0 | AC10: 4 | AD10: {=INDEX($BA$16:$BA$19,MATCH(LARGE($BL$16:$BL$19,4),$BL$16:$BL$19,0))} -> 🇭🇹 | AE10: {=INDEX($AZ$16:$AZ$19,MATCH(LARGE($BL$16:$BL$19,4),$BL$16:$BL$19,0))} -> Haiti | AF10: {=INDEX($AZ$16:$BL$19,MATCH(LARGE($BL$16:$BL$19,4),$BL$16:$BL$19,0),3)} -> 0 | AG10: {=INDEX($AZ$16:$BL$19,MATCH(LARGE($BL$16:$BL$19,4),$BL$16:$BL$19,0),4)} -> 0 | AH10: {=INDEX($AZ$16:$BL$19,MATCH(LARGE($BL$16:$BL$19,4),$BL$16:$BL$19,0),5)} -> 0 | AI10: {=INDEX($AZ$16:$BL$19,MATCH(LARGE($BL$16:$BL$19,4),$BL$16:$BL$19,0),6)} -> 0 | AJ10: {=INDEX($AZ$16:$BL$19,MATCH(LARGE($BL$16:$BL$19,4),$BL$16:$BL$19,0),7)} -> 0 | AK10: {=INDEX($AZ$16:$BL$19,MATCH(LARGE($BL$16:$BL$19,4),$BL$16:$BL$19,0),8)} -> 0 | AL10: {=INDEX($AZ$16:$BL$19,MATCH(LARGE($BL$16:$BL$19,4),$BL$16:$BL$19,0),9)} -> 0 | AM10: {=INDEX($AZ$16:$BL$19,MATCH(LARGE($BL$16:$BL$19,4),$BL$16:$BL$19,0),10)} -> 0 | AN10: {=INDEX($AZ$16:$BL$19,MATCH(LARGE($BL$16:$BL$19,4),$BL$16:$BL$19,0),11)} -> 0 | AO10: {=INDEX($AZ$16:$BL$19,MATCH(LARGE($BL$16:$BL$19,4),$BL$16:$BL$19,0),12)} -> 0
AY11: B | AZ11: Canada | BA11: 🇨🇦 | BB11: =SUMPRODUCT(('DU DOAN'!$B$4:$B$107="Vòng bảng")*('DU DOAN'!$D$4:$D$107="B")*ISNUMBER('DU DOAN'!$K$4:$K$107)*ISNUMBER('DU DOAN'!$L$4:$L$107)*(('DU DOAN'!$H$4:$H$107="Canada")+('DU DOAN'!$I$4:$I$107="Canada"))) -> 0 | BC11: =SUMPRODUCT(('DU DOAN'!$B$4:$B$107="Vòng bảng")*('DU DOAN'!$D$4:$D$107="B")*ISNUMBER('DU DOAN'!$K$4:$K$107)*ISNUMBER('DU DOAN'!$L$4:$L$107)*(('DU DOAN'!$H$4:$H$107="Canada")*('DU DOAN'!$K$4:$K$107>'DU DOAN'!$L$4:$L$107)+('DU DOAN'!$I$4:$I$107="Canada")*('DU DOAN'!$L$4:$L$107>'DU DOAN'!$K$4:$K$107))) -> 0 | BD11: =SUMPRODUCT(('DU DOAN'!$B$4:$B$107="Vòng bảng")*('DU DOAN'!$D$4:$D$107="B")*ISNUMBER('DU DOAN'!$K$4:$K$107)*ISNUMBER('DU DOAN'!$L$4:$L$107)*(('DU DOAN'!$H$4:$H$107="Canada")*('DU DOAN'!$K$4:$K$107='DU DOAN'!$L$4:$L$107)+('DU DOAN'!$I$4:$I$107="Canada")*('DU DOAN'!$K$4:$K$107='DU DOAN'!$L$4:$L$107))) -> 0 | BE11: =SUMPRODUCT(('DU DOAN'!$B$4:$B$107="Vòng bảng")*('DU DOAN'!$D$4:$D$107="B")*ISNUMBER('DU DOAN'!$K$4:$K$107)*ISNUMBER('DU DOAN'!$L$4:$L$107)*(('DU DOAN'!$H$4:$H$107="Canada")*('DU DOAN'!$K$4:$K$107<'DU DOAN'!$L$4:$L$107)+('DU DOAN'!$I$4:$I$107="Canada")*('DU DOAN'!$L$4:$L$107<'DU DOAN'!$K$4:$K$107))) -> 0 | BF11: =SUMPRODUCT(('DU DOAN'!$B$4:$B$107="Vòng bảng")*('DU DOAN'!$D$4:$D$107="B")*ISNUMBER('DU DOAN'!$K$4:$K$107)*ISNUMBER('DU DOAN'!$L$4:$L$107)*(('DU DOAN'!$H$4:$H$107="Canada")*'DU DOAN'!$K$4:$K$107+('DU DOAN'!$I$4:$I$107="Canada")*'DU DOAN'!$L$4:$L$107)) -> 0 | BG11: =SUMPRODUCT(('DU DOAN'!$B$4:$B$107="Vòng bảng")*('DU DOAN'!$D$4:$D$107="B")*ISNUMBER('DU DOAN'!$K$4:$K$107)*ISNUMBER('DU DOAN'!$L$4:$L$107)*(('DU DOAN'!$H$4:$H$107="Canada")*'DU DOAN'!$L$4:$L$107+('DU DOAN'!$I$4:$I$107="Canada")*'DU DOAN'!$K$4:$K$107)) -> 0 | BH11: =BF11-BG11 -> 0 | BI11: =SUMPRODUCT(IFERROR((#REF!="Canada")*#REF!,0))+SUMPRODUCT(IFERROR((#REF!="Canada")*#REF!,0)) -> 0 | BJ11: =SUMPRODUCT(IFERROR((#REF!="Canada")*#REF!,0))+SUMPRODUCT(IFERROR((#REF!="Canada")*#REF!,0)) -> 0 | BK11: =3*BC11+BD11 -> 0 | BL11: =BK11*1000000+BH11*10000+BF11*100+4 -> 4
A12: BẢNG D | O12: BẢNG E | AC12: BẢNG F | AZ12: Switzerland | BA12: 🇨🇭 | BB12: =SUMPRODUCT(('DU DOAN'!$B$4:$B$107="Vòng bảng")*('DU DOAN'!$D$4:$D$107="B")*ISNUMBER('DU DOAN'!$K$4:$K$107)*ISNUMBER('DU DOAN'!$L$4:$L$107)*(('DU DOAN'!$H$4:$H$107="Switzerland")+('DU DOAN'!$I$4:$I$107="Switzerland"))) -> 0 | BC12: =SUMPRODUCT(('DU DOAN'!$B$4:$B$107="Vòng bảng")*('DU DOAN'!$D$4:$D$107="B")*ISNUMBER('DU DOAN'!$K$4:$K$107)*ISNUMBER('DU DOAN'!$L$4:$L$107)*(('DU DOAN'!$H$4:$H$107="Switzerland")*('DU DOAN'!$K$4:$K$107>'DU DOAN'!$L$4:$L$107)+('DU DOAN'!$I$4:$I$107="Switzerland")*('DU DOAN'!$L$4:$L$107>'DU DOAN'!$K$4:$K$107))) -> 0 | BD12: =SUMPRODUCT(('DU DOAN'!$B$4:$B$107="Vòng bảng")*('DU DOAN'!$D$4:$D$107="B")*ISNUMBER('DU DOAN'!$K$4:$K$107)*ISNUMBER('DU DOAN'!$L$4:$L$107)*(('DU DOAN'!$H$4:$H$107="Switzerland")*('DU DOAN'!$K$4:$K$107='DU DOAN'!$L$4:$L$107)+('DU DOAN'!$I$4:$I$107="Switzerland")*('DU DOAN'!$K$4:$K$107='DU DOAN'!$L$4:$L$107))) -> 0 | BE12: =SUMPRODUCT(('DU DOAN'!$B$4:$B$107="Vòng bảng")*('DU DOAN'!$D$4:$D$107="B")*ISNUMBER('DU DOAN'!$K$4:$K$107)*ISNUMBER('DU DOAN'!$L$4:$L$107)*(('DU DOAN'!$H$4:$H$107="Switzerland")*('DU DOAN'!$K$4:$K$107<'DU DOAN'!$L$4:$L$107)+('DU DOAN'!$I$4:$I$107="Switzerland")*('DU DOAN'!$L$4:$L$107<'DU DOAN'!$K$4:$K$107))) -> 0 | BF12: =SUMPRODUCT(('DU DOAN'!$B$4:$B$107="Vòng bảng")*('DU DOAN'!$D$4:$D$107="B")*ISNUMBER('DU DOAN'!$K$4:$K$107)*ISNUMBER('DU DOAN'!$L$4:$L$107)*(('DU DOAN'!$H$4:$H$107="Switzerland")*'DU DOAN'!$K$4:$K$107+('DU DOAN'!$I$4:$I$107="Switzerland")*'DU DOAN'!$L$4:$L$107)) -> 0 | BG12: =SUMPRODUCT(('DU DOAN'!$B$4:$B$107="Vòng bảng")*('DU DOAN'!$D$4:$D$107="B")*ISNUMBER('DU DOAN'!$K$4:$K$107)*ISNUMBER('DU DOAN'!$L$4:$L$107)*(('DU DOAN'!$H$4:$H$107="Switzerland")*'DU DOAN'!$L$4:$L$107+('DU DOAN'!$I$4:$I$107="Switzerland")*'DU DOAN'!$K$4:$K$107)) -> 0 | BH12: =BF12-BG12 -> 0 | BI12: =SUMPRODUCT(IFERROR((#REF!="Switzerland")*#REF!,0))+SUMPRODUCT(IFERROR((#REF!="Switzerland")*#REF!,0)) -> 0 | BJ12: =SUMPRODUCT(IFERROR((#REF!="Switzerland")*#REF!,0))+SUMPRODUCT(IFERROR((#REF!="Switzerland")*#REF!,0)) -> 0 | BK12: =3*BC12+BD12 -> 0 | BL12: =BK12*1000000+BH12*10000+BF12*100+3 -> 3
A13: # | B13: 🏴 | C13: Đội tuyển | D13: Đá | E13: T | F13: H | G13: B | H13: GF | I13: GA | J13: GD | K13: 🟨 | L13: 🟥 | M13: Pts | O13: # | P13: 🏴 | Q13: Đội tuyển | R13: Đá | S13: T | T13: H | U13: B | V13: GF | W13: GA | X13: GD | Y13: 🟨 | Z13: 🟥 | AA13: Pts | AC13: # | AD13: 🏴 | AE13: Đội tuyển | AF13: Đá | AG13: T | AH13: H | AI13: B | AJ13: GF | AK13: GA | AL13: GD | AM13: 🟨 | AN13: 🟥 | AO13: Pts | AZ13: Bosnia & Herzegovina | BA13: 🇧🇦 | BB13: =SUMPRODUCT(('DU DOAN'!$B$4:$B$107="Vòng bảng")*('DU DOAN'!$D$4:$D$107="B")*ISNUMBER('DU DOAN'!$K$4:$K$107)*ISNUMBER('DU DOAN'!$L$4:$L$107)*(('DU DOAN'!$H$4:$H$107="Bosnia & Herzegovina")+('DU DOAN'!$I$4:$I$107="Bosnia & Herzegovina"))) -> 0 | BC13: =SUMPRODUCT(('DU DOAN'!$B$4:$B$107="Vòng bảng")*('DU DOAN'!$D$4:$D$107="B")*ISNUMBER('DU DOAN'!$K$4:$K$107)*ISNUMBER('DU DOAN'!$L$4:$L$107)*(('DU DOAN'!$H$4:$H$107="Bosnia & Herzegovina")*('DU DOAN'!$K$4:$K$107>'DU DOAN'!$L$4:$L$107)+('DU DOAN'!$I$4:$I$107="Bosnia & Herzegovina")*('DU DOAN'!$L$4:$L$107>'DU DOAN'!$K$4:$K$107))) -> 0 | BD13: =SUMPRODUCT(('DU DOAN'!$B$4:$B$107="Vòng bảng")*('DU DOAN'!$D$4:$D$107="B")*ISNUMBER('DU DOAN'!$K$4:$K$107)*ISNUMBER('DU DOAN'!$L$4:$L$107)*(('DU DOAN'!$H$4:$H$107="Bosnia & Herzegovina")*('DU DOAN'!$K$4:$K$107='DU DOAN'!$L$4:$L$107)+('DU DOAN'!$I$4:$I$107="Bosnia & Herzegovina")*('DU DOAN'!$K$4:$K$107='DU DOAN'!$L$4:$L$107))) -> 0 | BE13: =SUMPRODUCT(('DU DOAN'!$B$4:$B$107="Vòng bảng")*('DU DOAN'!$D$4:$D$107="B")*ISNUMBER('DU DOAN'!$K$4:$K$107)*ISNUMBER('DU DOAN'!$L$4:$L$107)*(('DU DOAN'!$H$4:$H$107="Bosnia & Herzegovina")*('DU DOAN'!$K$4:$K$107<'DU DOAN'!$L$4:$L$107)+('DU DOAN'!$I$4:$I$107="Bosnia & Herzegovina")*('DU DOAN'!$L$4:$L$107<'DU DOAN'!$K$4:$K$107))) -> 0 | BF13: =SUMPRODUCT(('DU DOAN'!$B$4:$B$107="Vòng bảng")*('DU DOAN'!$D$4:$D$107="B")*ISNUMBER('DU DOAN'!$K$4:$K$107)*ISNUMBER('DU DOAN'!$L$4:$L$107)*(('DU DOAN'!$H$4:$H$107="Bosnia & Herzegovina")*'DU DOAN'!$K$4:$K$107+('DU DOAN'!$I$4:$I$107="Bosnia & Herzegovina")*'DU DOAN'!$L$4:$L$107)) -> 0 | BG13: =SUMPRODUCT(('DU DOAN'!$B$4:$B$107="Vòng bảng")*('DU DOAN'!$D$4:$D$107="B")*ISNUMBER('DU DOAN'!$K$4:$K$107)*ISNUMBER('DU DOAN'!$L$4:$L$107)*(('DU DOAN'!$H$4:$H$107="Bosnia & Herzegovina")*'DU DOAN'!$L$4:$L$107+('DU DOAN'!$I$4:$I$107="Bosnia & Herzegovina")*'DU DOAN'!$K$4:$K$107)) -> 0 | BH13: =BF13-BG13 -> 0 | BI13: =SUMPRODUCT(IFERROR((#REF!="Bosnia & Herzegovina")*#REF!,0))+SUMPRODUCT(IFERROR((#REF!="Bosnia & Herzegovina")*#REF!,0)) -> 0 | BJ13: =SUMPRODUCT(IFERROR((#REF!="Bosnia & Herzegovina")*#REF!,0))+SUMPRODUCT(IFERROR((#REF!="Bosnia & Herzegovina")*#REF!,0)) -> 0 | BK13: =3*BC13+BD13 -> 0 | BL13: =BK13*1000000+BH13*10000+BF13*100+2 -> 2
A14: 1 | B14: {=INDEX($BA$21:$BA$24,MATCH(LARGE($BL$21:$BL$24,1),$BL$21:$BL$24,0))} -> 🇺🇸 | C14: {=INDEX($AZ$21:$AZ$24,MATCH(LARGE($BL$21:$BL$24,1),$BL$21:$BL$24,0))} -> United States | D14: {=INDEX($AZ$21:$BL$24,MATCH(LARGE($BL$21:$BL$24,1),$BL$21:$BL$24,0),3)} -> 0 | E14: {=INDEX($AZ$21:$BL$24,MATCH(LARGE($BL$21:$BL$24,1),$BL$21:$BL$24,0),4)} -> 0 | F14: {=INDEX($AZ$21:$BL$24,MATCH(LARGE($BL$21:$BL$24,1),$BL$21:$BL$24,0),5)} -> 0 | G14: {=INDEX($AZ$21:$BL$24,MATCH(LARGE($BL$21:$BL$24,1),$BL$21:$BL$24,0),6)} -> 0 | H14: {=INDEX($AZ$21:$BL$24,MATCH(LARGE($BL$21:$BL$24,1),$BL$21:$BL$24,0),7)} -> 0 | I14: {=INDEX($AZ$21:$BL$24,MATCH(LARGE($BL$21:$BL$24,1),$BL$21:$BL$24,0),8)} -> 0 | J14: {=INDEX($AZ$21:$BL$24,MATCH(LARGE($BL$21:$BL$24,1),$BL$21:$BL$24,0),9)} -> 0 | K14: {=INDEX($AZ$21:$BL$24,MATCH(LARGE($BL$21:$BL$24,1),$BL$21:$BL$24,0),10)} -> 0 | L14: {=INDEX($AZ$21:$BL$24,MATCH(LARGE($BL$21:$BL$24,1),$BL$21:$BL$24,0),11)} -> 0 | M14: {=INDEX($AZ$21:$BL$24,MATCH(LARGE($BL$21:$BL$24,1),$BL$21:$BL$24,0),12)} -> 0 | O14: 1 | P14: {=INDEX($BA$26:$BA$29,MATCH(LARGE($BL$26:$BL$29,1),$BL$26:$BL$29,0))} -> 🇩🇪 | Q14: {=INDEX($AZ$26:$AZ$29,MATCH(LARGE($BL$26:$BL$29,1),$BL$26:$BL$29,0))} -> Germany | R14: {=INDEX($AZ$26:$BL$29,MATCH(LARGE($BL$26:$BL$29,1),$BL$26:$BL$29,0),3)} -> 0 | S14: {=INDEX($AZ$26:$BL$29,MATCH(LARGE($BL$26:$BL$29,1),$BL$26:$BL$29,0),4)} -> 0 | T14: {=INDEX($AZ$26:$BL$29,MATCH(LARGE($BL$26:$BL$29,1),$BL$26:$BL$29,0),5)} -> 0 | U14: {=INDEX($AZ$26:$BL$29,MATCH(LARGE($BL$26:$BL$29,1),$BL$26:$BL$29,0),6)} -> 0 | V14: {=INDEX($AZ$26:$BL$29,MATCH(LARGE($BL$26:$BL$29,1),$BL$26:$BL$29,0),7)} -> 0 | W14: {=INDEX($AZ$26:$BL$29,MATCH(LARGE($BL$26:$BL$29,1),$BL$26:$BL$29,0),8)} -> 0 | X14: {=INDEX($AZ$26:$BL$29,MATCH(LARGE($BL$26:$BL$29,1),$BL$26:$BL$29,0),9)} -> 0 | Y14: {=INDEX($AZ$26:$BL$29,MATCH(LARGE($BL$26:$BL$29,1),$BL$26:$BL$29,0),10)} -> 0 | Z14: {=INDEX($AZ$26:$BL$29,MATCH(LARGE($BL$26:$BL$29,1),$BL$26:$BL$29,0),11)} -> 0 | AA14: {=INDEX($AZ$26:$BL$29,MATCH(LARGE($BL$26:$BL$29,1),$BL$26:$BL$29,0),12)} -> 0 | AC14: 1 | AD14: {=INDEX($BA$31:$BA$34,MATCH(LARGE($BL$31:$BL$34,1),$BL$31:$BL$34,0))} -> 🇳🇱 | AE14: {=INDEX($AZ$31:$AZ$34,MATCH(LARGE($BL$31:$BL$34,1),$BL$31:$BL$34,0))} -> Netherlands | AF14: {=INDEX($AZ$31:$BL$34,MATCH(LARGE($BL$31:$BL$34,1),$BL$31:$BL$34,0),3)} -> 0 | AG14: {=INDEX($AZ$31:$BL$34,MATCH(LARGE($BL$31:$BL$34,1),$BL$31:$BL$34,0),4)} -> 0 | AH14: {=INDEX($AZ$31:$BL$34,MATCH(LARGE($BL$31:$BL$34,1),$BL$31:$BL$34,0),5)} -> 0 | AI14: {=INDEX($AZ$31:$BL$34,MATCH(LARGE($BL$31:$BL$34,1),$BL$31:$BL$34,0),6)} -> 0 | AJ14: {=INDEX($AZ$31:$BL$34,MATCH(LARGE($BL$31:$BL$34,1),$BL$31:$BL$34,0),7)} -> 0 | AK14: {=INDEX($AZ$31:$BL$34,MATCH(LARGE($BL$31:$BL$34,1),$BL$31:$BL$34,0),8)} -> 0 | AL14: {=INDEX($AZ$31:$BL$34,MATCH(LARGE($BL$31:$BL$34,1),$BL$31:$BL$34,0),9)} -> 0 | AM14: {=INDEX($AZ$31:$BL$34,MATCH(LARGE($BL$31:$BL$34,1),$BL$31:$BL$34,0),10)} -> 0 | AN14: {=INDEX($AZ$31:$BL$34,MATCH(LARGE($BL$31:$BL$34,1),$BL$31:$BL$34,0),11)} -> 0 | AO14: {=INDEX($AZ$31:$BL$34,MATCH(LARGE($BL$31:$BL$34,1),$BL$31:$BL$34,0),12)} -> 0 | AZ14: Qatar | BA14: 🇶🇦 | BB14: =SUMPRODUCT(('DU DOAN'!$B$4:$B$107="Vòng bảng")*('DU DOAN'!$D$4:$D$107="B")*ISNUMBER('DU DOAN'!$K$4:$K$107)*ISNUMBER('DU DOAN'!$L$4:$L$107)*(('DU DOAN'!$H$4:$H$107="Qatar")+('DU DOAN'!$I$4:$I$107="Qatar"))) -> 0 | BC14: =SUMPRODUCT(('DU DOAN'!$B$4:$B$107="Vòng bảng")*('DU DOAN'!$D$4:$D$107="B")*ISNUMBER('DU DOAN'!$K$4:$K$107)*ISNUMBER('DU DOAN'!$L$4:$L$107)*(('DU DOAN'!$H$4:$H$107="Qatar")*('DU DOAN'!$K$4:$K$107>'DU DOAN'!$L$4:$L$107)+('DU DOAN'!$I$4:$I$107="Qatar")*('DU DOAN'!$L$4:$L$107>'DU DOAN'!$K$4:$K$107))) -> 0 | BD14: =SUMPRODUCT(('DU DOAN'!$B$4:$B$107="Vòng bảng")*('DU DOAN'!$D$4:$D$107="B")*ISNUMBER('DU DOAN'!$K$4:$K$107)*ISNUMBER('DU DOAN'!$L$4:$L$107)*(('DU DOAN'!$H$4:$H$107="Qatar")*('DU DOAN'!$K$4:$K$107='DU DOAN'!$L$4:$L$107)+('DU DOAN'!$I$4:$I$107="Qatar")*('DU DOAN'!$K$4:$K$107='DU DOAN'!$L$4:$L$107))) -> 0 | BE14: =SUMPRODUCT(('DU DOAN'!$B$4:$B$107="Vòng bảng")*('DU DOAN'!$D$4:$D$107="B")*ISNUMBER('DU DOAN'!$K$4:$K$107)*ISNUMBER('DU DOAN'!$L$4:$L$107)*(('DU DOAN'!$H$4:$H$107="Qatar")*('DU DOAN'!$K$4:$K$107<'DU DOAN'!$L$4:$L$107)+('DU DOAN'!$I$4:$I$107="Qatar")*('DU DOAN'!$L$4:$L$107<'DU DOAN'!$K$4:$K$107))) -> 0 | BF14: =SUMPRODUCT(('DU DOAN'!$B$4:$B$107="Vòng bảng")*('DU DOAN'!$D$4:$D$107="B")*ISNUMBER('DU DOAN'!$K$4:$K$107)*ISNUMBER('DU DOAN'!$L$4:$L$107)*(('DU DOAN'!$H$4:$H$107="Qatar")*'DU DOAN'!$K$4:$K$107+('DU DOAN'!$I$4:$I$107="Qatar")*'DU DOAN'!$L$4:$L$107)) -> 0 | BG14: =SUMPRODUCT(('DU DOAN'!$B$4:$B$107="Vòng bảng")*('DU DOAN'!$D$4:$D$107="B")*ISNUMBER('DU DOAN'!$K$4:$K$107)*ISNUMBER('DU DOAN'!$L$4:$L$107)*(('DU DOAN'!$H$4:$H$107="Qatar")*'DU DOAN'!$L$4:$L$107+('DU DOAN'!$I$4:$I$107="Qatar")*'DU DOAN'!$K$4:$K$107)) -> 0 | BH14: =BF14-BG14 -> 0 | BI14: =SUMPRODUCT(IFERROR((#REF!="Qatar")*#REF!,0))+SUMPRODUCT(IFERROR((#REF!="Qatar")*#REF!,0)) -> 0 | BJ14: =SUMPRODUCT(IFERROR((#REF!="Qatar")*#REF!,0))+SUMPRODUCT(IFERROR((#REF!="Qatar")*#REF!,0)) -> 0 | BK14: =3*BC14+BD14 -> 0 | BL14: =BK14*1000000+BH14*10000+BF14*100+1 -> 1
A15: 2 | B15: {=INDEX($BA$21:$BA$24,MATCH(LARGE($BL$21:$BL$24,2),$BL$21:$BL$24,0))} -> 🇹🇷 | C15: {=INDEX($AZ$21:$AZ$24,MATCH(LARGE($BL$21:$BL$24,2),$BL$21:$BL$24,0))} -> Türkiye | D15: {=INDEX($AZ$21:$BL$24,MATCH(LARGE($BL$21:$BL$24,2),$BL$21:$BL$24,0),3)} -> 0 | E15: {=INDEX($AZ$21:$BL$24,MATCH(LARGE($BL$21:$BL$24,2),$BL$21:$BL$24,0),4)} -> 0 | F15: {=INDEX($AZ$21:$BL$24,MATCH(LARGE($BL$21:$BL$24,2),$BL$21:$BL$24,0),5)} -> 0 | G15: {=INDEX($AZ$21:$BL$24,MATCH(LARGE($BL$21:$BL$24,2),$BL$21:$BL$24,0),6)} -> 0 | H15: {=INDEX($AZ$21:$BL$24,MATCH(LARGE($BL$21:$BL$24,2),$BL$21:$BL$24,0),7)} -> 0 | I15: {=INDEX($AZ$21:$BL$24,MATCH(LARGE($BL$21:$BL$24,2),$BL$21:$BL$24,0),8)} -> 0 | J15: {=INDEX($AZ$21:$BL$24,MATCH(LARGE($BL$21:$BL$24,2),$BL$21:$BL$24,0),9)} -> 0 | K15: {=INDEX($AZ$21:$BL$24,MATCH(LARGE($BL$21:$BL$24,2),$BL$21:$BL$24,0),10)} -> 0 | L15: {=INDEX($AZ$21:$BL$24,MATCH(LARGE($BL$21:$BL$24,2),$BL$21:$BL$24,0),11)} -> 0 | M15: {=INDEX($AZ$21:$BL$24,MATCH(LARGE($BL$21:$BL$24,2),$BL$21:$BL$24,0),12)} -> 0 | O15: 2 | P15: {=INDEX($BA$26:$BA$29,MATCH(LARGE($BL$26:$BL$29,2),$BL$26:$BL$29,0))} -> 🇨🇮 | Q15: {=INDEX($AZ$26:$AZ$29,MATCH(LARGE($BL$26:$BL$29,2),$BL$26:$BL$29,0))} -> Côte d'Ivoire | R15: {=INDEX($AZ$26:$BL$29,MATCH(LARGE($BL$26:$BL$29,2),$BL$26:$BL$29,0),3)} -> 0 | S15: {=INDEX($AZ$26:$BL$29,MATCH(LARGE($BL$26:$BL$29,2),$BL$26:$BL$29,0),4)} -> 0 | T15: {=INDEX($AZ$26:$BL$29,MATCH(LARGE($BL$26:$BL$29,2),$BL$26:$BL$29,0),5)} -> 0 | U15: {=INDEX($AZ$26:$BL$29,MATCH(LARGE($BL$26:$BL$29,2),$BL$26:$BL$29,0),6)} -> 0 | V15: {=INDEX($AZ$26:$BL$29,MATCH(LARGE($BL$26:$BL$29,2),$BL$26:$BL$29,0),7)} -> 0 | W15: {=INDEX($AZ$26:$BL$29,MATCH(LARGE($BL$26:$BL$29,2),$BL$26:$BL$29,0),8)} -> 0 | X15: {=INDEX($AZ$26:$BL$29,MATCH(LARGE($BL$26:$BL$29,2),$BL$26:$BL$29,0),9)} -> 0 | Y15: {=INDEX($AZ$26:$BL$29,MATCH(LARGE($BL$26:$BL$29,2),$BL$26:$BL$29,0),10)} -> 0 | Z15: {=INDEX($AZ$26:$BL$29,MATCH(LARGE($BL$26:$BL$29,2),$BL$26:$BL$29,0),11)} -> 0 | AA15: {=INDEX($AZ$26:$BL$29,MATCH(LARGE($BL$26:$BL$29,2),$BL$26:$BL$29,0),12)} -> 0 | AC15: 2 | AD15: {=INDEX($BA$31:$BA$34,MATCH(LARGE($BL$31:$BL$34,2),$BL$31:$BL$34,0))} -> 🇸🇪 | AE15: {=INDEX($AZ$31:$AZ$34,MATCH(LARGE($BL$31:$BL$34,2),$BL$31:$BL$34,0))} -> Sweden | AF15: {=INDEX($AZ$31:$BL$34,MATCH(LARGE($BL$31:$BL$34,2),$BL$31:$BL$34,0),3)} -> 0 | AG15: {=INDEX($AZ$31:$BL$34,MATCH(LARGE($BL$31:$BL$34,2),$BL$31:$BL$34,0),4)} -> 0 | AH15: {=INDEX($AZ$31:$BL$34,MATCH(LARGE($BL$31:$BL$34,2),$BL$31:$BL$34,0),5)} -> 0 | AI15: {=INDEX($AZ$31:$BL$34,MATCH(LARGE($BL$31:$BL$34,2),$BL$31:$BL$34,0),6)} -> 0 | AJ15: {=INDEX($AZ$31:$BL$34,MATCH(LARGE($BL$31:$BL$34,2),$BL$31:$BL$34,0),7)} -> 0 | AK15: {=INDEX($AZ$31:$BL$34,MATCH(LARGE($BL$31:$BL$34,2),$BL$31:$BL$34,0),8)} -> 0 | AL15: {=INDEX($AZ$31:$BL$34,MATCH(LARGE($BL$31:$BL$34,2),$BL$31:$BL$34,0),9)} -> 0 | AM15: {=INDEX($AZ$31:$BL$34,MATCH(LARGE($BL$31:$BL$34,2),$BL$31:$BL$34,0),10)} -> 0 | AN15: {=INDEX($AZ$31:$BL$34,MATCH(LARGE($BL$31:$BL$34,2),$BL$31:$BL$34,0),11)} -> 0 | AO15: {=INDEX($AZ$31:$BL$34,MATCH(LARGE($BL$31:$BL$34,2),$BL$31:$BL$34,0),12)} -> 0
A16: 3 | B16: {=INDEX($BA$21:$BA$24,MATCH(LARGE($BL$21:$BL$24,3),$BL$21:$BL$24,0))} -> 🇵🇾 | C16: {=INDEX($AZ$21:$AZ$24,MATCH(LARGE($BL$21:$BL$24,3),$BL$21:$BL$24,0))} -> Paraguay | D16: {=INDEX($AZ$21:$BL$24,MATCH(LARGE($BL$21:$BL$24,3),$BL$21:$BL$24,0),3)} -> 0 | E16: {=INDEX($AZ$21:$BL$24,MATCH(LARGE($BL$21:$BL$24,3),$BL$21:$BL$24,0),4)} -> 0 | F16: {=INDEX($AZ$21:$BL$24,MATCH(LARGE($BL$21:$BL$24,3),$BL$21:$BL$24,0),5)} -> 0 | G16: {=INDEX($AZ$21:$BL$24,MATCH(LARGE($BL$21:$BL$24,3),$BL$21:$BL$24,0),6)} -> 0 | H16: {=INDEX($AZ$21:$BL$24,MATCH(LARGE($BL$21:$BL$24,3),$BL$21:$BL$24,0),7)} -> 0 | I16: {=INDEX($AZ$21:$BL$24,MATCH(LARGE($BL$21:$BL$24,3),$BL$21:$BL$24,0),8)} -> 0 | J16: {=INDEX($AZ$21:$BL$24,MATCH(LARGE($BL$21:$BL$24,3),$BL$21:$BL$24,0),9)} -> 0 | K16: {=INDEX($AZ$21:$BL$24,MATCH(LARGE($BL$21:$BL$24,3),$BL$21:$BL$24,0),10)} -> 0 | L16: {=INDEX($AZ$21:$BL$24,MATCH(LARGE($BL$21:$BL$24,3),$BL$21:$BL$24,0),11)} -> 0 | M16: {=INDEX($AZ$21:$BL$24,MATCH(LARGE($BL$21:$BL$24,3),$BL$21:$BL$24,0),12)} -> 0 | O16: 3 | P16: {=INDEX($BA$26:$BA$29,MATCH(LARGE($BL$26:$BL$29,3),$BL$26:$BL$29,0))} -> 🇪🇨 | Q16: {=INDEX($AZ$26:$AZ$29,MATCH(LARGE($BL$26:$BL$29,3),$BL$26:$BL$29,0))} -> Ecuador | R16: {=INDEX($AZ$26:$BL$29,MATCH(LARGE($BL$26:$BL$29,3),$BL$26:$BL$29,0),3)} -> 0 | S16: {=INDEX($AZ$26:$BL$29,MATCH(LARGE($BL$26:$BL$29,3),$BL$26:$BL$29,0),4)} -> 0 | T16: {=INDEX($AZ$26:$BL$29,MATCH(LARGE($BL$26:$BL$29,3),$BL$26:$BL$29,0),5)} -> 0 | U16: {=INDEX($AZ$26:$BL$29,MATCH(LARGE($BL$26:$BL$29,3),$BL$26:$BL$29,0),6)} -> 0 | V16: {=INDEX($AZ$26:$BL$29,MATCH(LARGE($BL$26:$BL$29,3),$BL$26:$BL$29,0),7)} -> 0 | W16: {=INDEX($AZ$26:$BL$29,MATCH(LARGE($BL$26:$BL$29,3),$BL$26:$BL$29,0),8)} -> 0 | X16: {=INDEX($AZ$26:$BL$29,MATCH(LARGE($BL$26:$BL$29,3),$BL$26:$BL$29,0),9)} -> 0 | Y16: {=INDEX($AZ$26:$BL$29,MATCH(LARGE($BL$26:$BL$29,3),$BL$26:$BL$29,0),10)} -> 0 | Z16: {=INDEX($AZ$26:$BL$29,MATCH(LARGE($BL$26:$BL$29,3),$BL$26:$BL$29,0),11)} -> 0 | AA16: {=INDEX($AZ$26:$BL$29,MATCH(LARGE($BL$26:$BL$29,3),$BL$26:$BL$29,0),12)} -> 0 | AC16: 3 | AD16: {=INDEX($BA$31:$BA$34,MATCH(LARGE($BL$31:$BL$34,3),$BL$31:$BL$34,0))} -> 🇯🇵 | AE16: {=INDEX($AZ$31:$AZ$34,MATCH(LARGE($BL$31:$BL$34,3),$BL$31:$BL$34,0))} -> Japan | AF16: {=INDEX($AZ$31:$BL$34,MATCH(LARGE($BL$31:$BL$34,3),$BL$31:$BL$34,0),3)} -> 0 | AG16: {=INDEX($AZ$31:$BL$34,MATCH(LARGE($BL$31:$BL$34,3),$BL$31:$BL$34,0),4)} -> 0 | AH16: {=INDEX($AZ$31:$BL$34,MATCH(LARGE($BL$31:$BL$34,3),$BL$31:$BL$34,0),5)} -> 0 | AI16: {=INDEX($AZ$31:$BL$34,MATCH(LARGE($BL$31:$BL$34,3),$BL$31:$BL$34,0),6)} -> 0 | AJ16: {=INDEX($AZ$31:$BL$34,MATCH(LARGE($BL$31:$BL$34,3),$BL$31:$BL$34,0),7)} -> 0 | AK16: {=INDEX($AZ$31:$BL$34,MATCH(LARGE($BL$31:$BL$34,3),$BL$31:$BL$34,0),8)} -> 0 | AL16: {=INDEX($AZ$31:$BL$34,MATCH(LARGE($BL$31:$BL$34,3),$BL$31:$BL$34,0),9)} -> 0 | AM16: {=INDEX($AZ$31:$BL$34,MATCH(LARGE($BL$31:$BL$34,3),$BL$31:$BL$34,0),10)} -> 0 | AN16: {=INDEX($AZ$31:$BL$34,MATCH(LARGE($BL$31:$BL$34,3),$BL$31:$BL$34,0),11)} -> 0 | AO16: {=INDEX($AZ$31:$BL$34,MATCH(LARGE($BL$31:$BL$34,3),$BL$31:$BL$34,0),12)} -> 0 | AY16: C | AZ16: Brazil | BA16: 🇧🇷 | BB16: =SUMPRODUCT(('DU DOAN'!$B$4:$B$107="Vòng bảng")*('DU DOAN'!$D$4:$D$107="C")*ISNUMBER('DU DOAN'!$K$4:$K$107)*ISNUMBER('DU DOAN'!$L$4:$L$107)*(('DU DOAN'!$H$4:$H$107="Brazil")+('DU DOAN'!$I$4:$I$107="Brazil"))) -> 0 | BC16: =SUMPRODUCT(('DU DOAN'!$B$4:$B$107="Vòng bảng")*('DU DOAN'!$D$4:$D$107="C")*ISNUMBER('DU DOAN'!$K$4:$K$107)*ISNUMBER('DU DOAN'!$L$4:$L$107)*(('DU DOAN'!$H$4:$H$107="Brazil")*('DU DOAN'!$K$4:$K$107>'DU DOAN'!$L$4:$L$107)+('DU DOAN'!$I$4:$I$107="Brazil")*('DU DOAN'!$L$4:$L$107>'DU DOAN'!$K$4:$K$107))) -> 0 | BD16: =SUMPRODUCT(('DU DOAN'!$B$4:$B$107="Vòng bảng")*('DU DOAN'!$D$4:$D$107="C")*ISNUMBER('DU DOAN'!$K$4:$K$107)*ISNUMBER('DU DOAN'!$L$4:$L$107)*(('DU DOAN'!$H$4:$H$107="Brazil")*('DU DOAN'!$K$4:$K$107='DU DOAN'!$L$4:$L$107)+('DU DOAN'!$I$4:$I$107="Brazil")*('DU DOAN'!$K$4:$K$107='DU DOAN'!$L$4:$L$107))) -> 0 | BE16: =SUMPRODUCT(('DU DOAN'!$B$4:$B$107="Vòng bảng")*('DU DOAN'!$D$4:$D$107="C")*ISNUMBER('DU DOAN'!$K$4:$K$107)*ISNUMBER('DU DOAN'!$L$4:$L$107)*(('DU DOAN'!$H$4:$H$107="Brazil")*('DU DOAN'!$K$4:$K$107<'DU DOAN'!$L$4:$L$107)+('DU DOAN'!$I$4:$I$107="Brazil")*('DU DOAN'!$L$4:$L$107<'DU DOAN'!$K$4:$K$107))) -> 0 | BF16: =SUMPRODUCT(('DU DOAN'!$B$4:$B$107="Vòng bảng")*('DU DOAN'!$D$4:$D$107="C")*ISNUMBER('DU DOAN'!$K$4:$K$107)*ISNUMBER('DU DOAN'!$L$4:$L$107)*(('DU DOAN'!$H$4:$H$107="Brazil")*'DU DOAN'!$K$4:$K$107+('DU DOAN'!$I$4:$I$107="Brazil")*'DU DOAN'!$L$4:$L$107)) -> 0 | BG16: =SUMPRODUCT(('DU DOAN'!$B$4:$B$107="Vòng bảng")*('DU DOAN'!$D$4:$D$107="C")*ISNUMBER('DU DOAN'!$K$4:$K$107)*ISNUMBER('DU DOAN'!$L$4:$L$107)*(('DU DOAN'!$H$4:$H$107="Brazil")*'DU DOAN'!$L$4:$L$107+('DU DOAN'!$I$4:$I$107="Brazil")*'DU DOAN'!$K$4:$K$107)) -> 0 | BH16: =BF16-BG16 -> 0 | BI16: =SUMPRODUCT(IFERROR((#REF!="Brazil")*#REF!,0))+SUMPRODUCT(IFERROR((#REF!="Brazil")*#REF!,0)) -> 0 | BJ16: =SUMPRODUCT(IFERROR((#REF!="Brazil")*#REF!,0))+SUMPRODUCT(IFERROR((#REF!="Brazil")*#REF!,0)) -> 0 | BK16: =3*BC16+BD16 -> 0 | BL16: =BK16*1000000+BH16*10000+BF16*100+4 -> 4
A17: 4 | B17: {=INDEX($BA$21:$BA$24,MATCH(LARGE($BL$21:$BL$24,4),$BL$21:$BL$24,0))} -> 🇦🇺 | C17: {=INDEX($AZ$21:$AZ$24,MATCH(LARGE($BL$21:$BL$24,4),$BL$21:$BL$24,0))} -> Australia | D17: {=INDEX($AZ$21:$BL$24,MATCH(LARGE($BL$21:$BL$24,4),$BL$21:$BL$24,0),3)} -> 0 | E17: {=INDEX($AZ$21:$BL$24,MATCH(LARGE($BL$21:$BL$24,4),$BL$21:$BL$24,0),4)} -> 0 | F17: {=INDEX($AZ$21:$BL$24,MATCH(LARGE($BL$21:$BL$24,4),$BL$21:$BL$24,0),5)} -> 0 | G17: {=INDEX($AZ$21:$BL$24,MATCH(LARGE($BL$21:$BL$24,4),$BL$21:$BL$24,0),6)} -> 0 | H17: {=INDEX($AZ$21:$BL$24,MATCH(LARGE($BL$21:$BL$24,4),$BL$21:$BL$24,0),7)} -> 0 | I17: {=INDEX($AZ$21:$BL$24,MATCH(LARGE($BL$21:$BL$24,4),$BL$21:$BL$24,0),8)} -> 0 | J17: {=INDEX($AZ$21:$BL$24,MATCH(LARGE($BL$21:$BL$24,4),$BL$21:$BL$24,0),9)} -> 0 | K17: {=INDEX($AZ$21:$BL$24,MATCH(LARGE($BL$21:$BL$24,4),$BL$21:$BL$24,0),10)} -> 0 | L17: {=INDEX($AZ$21:$BL$24,MATCH(LARGE($BL$21:$BL$24,4),$BL$21:$BL$24,0),11)} -> 0 | M17: {=INDEX($AZ$21:$BL$24,MATCH(LARGE($BL$21:$BL$24,4),$BL$21:$BL$24,0),12)} -> 0 | O17: 4 | P17: {=INDEX($BA$26:$BA$29,MATCH(LARGE($BL$26:$BL$29,4),$BL$26:$BL$29,0))} -> 🇨🇼 | Q17: {=INDEX($AZ$26:$AZ$29,MATCH(LARGE($BL$26:$BL$29,4),$BL$26:$BL$29,0))} -> Curaçao | R17: {=INDEX($AZ$26:$BL$29,MATCH(LARGE($BL$26:$BL$29,4),$BL$26:$BL$29,0),3)} -> 0 | S17: {=INDEX($AZ$26:$BL$29,MATCH(LARGE($BL$26:$BL$29,4),$BL$26:$BL$29,0),4)} -> 0 | T17: {=INDEX($AZ$26:$BL$29,MATCH(LARGE($BL$26:$BL$29,4),$BL$26:$BL$29,0),5)} -> 0 | U17: {=INDEX($AZ$26:$BL$29,MATCH(LARGE($BL$26:$BL$29,4),$BL$26:$BL$29,0),6)} -> 0 | V17: {=INDEX($AZ$26:$BL$29,MATCH(LARGE($BL$26:$BL$29,4),$BL$26:$BL$29,0),7)} -> 0 | W17: {=INDEX($AZ$26:$BL$29,MATCH(LARGE($BL$26:$BL$29,4),$BL$26:$BL$29,0),8)} -> 0 | X17: {=INDEX($AZ$26:$BL$29,MATCH(LARGE($BL$26:$BL$29,4),$BL$26:$BL$29,0),9)} -> 0 | Y17: {=INDEX($AZ$26:$BL$29,MATCH(LARGE($BL$26:$BL$29,4),$BL$26:$BL$29,0),10)} -> 0 | Z17: {=INDEX($AZ$26:$BL$29,MATCH(LARGE($BL$26:$BL$29,4),$BL$26:$BL$29,0),11)} -> 0 | AA17: {=INDEX($AZ$26:$BL$29,MATCH(LARGE($BL$26:$BL$29,4),$BL$26:$BL$29,0),12)} -> 0 | AC17: 4 | AD17: {=INDEX($BA$31:$BA$34,MATCH(LARGE($BL$31:$BL$34,4),$BL$31:$BL$34,0))} -> 🇹🇳 | AE17: {=INDEX($AZ$31:$AZ$34,MATCH(LARGE($BL$31:$BL$34,4),$BL$31:$BL$34,0))} -> Tunisia | AF17: {=INDEX($AZ$31:$BL$34,MATCH(LARGE($BL$31:$BL$34,4),$BL$31:$BL$34,0),3)} -> 0 | AG17: {=INDEX($AZ$31:$BL$34,MATCH(LARGE($BL$31:$BL$34,4),$BL$31:$BL$34,0),4)} -> 0 | AH17: {=INDEX($AZ$31:$BL$34,MATCH(LARGE($BL$31:$BL$34,4),$BL$31:$BL$34,0),5)} -> 0 | AI17: {=INDEX($AZ$31:$BL$34,MATCH(LARGE($BL$31:$BL$34,4),$BL$31:$BL$34,0),6)} -> 0 | AJ17: {=INDEX($AZ$31:$BL$34,MATCH(LARGE($BL$31:$BL$34,4),$BL$31:$BL$34,0),7)} -> 0 | AK17: {=INDEX($AZ$31:$BL$34,MATCH(LARGE($BL$31:$BL$34,4),$BL$31:$BL$34,0),8)} -> 0 | AL17: {=INDEX($AZ$31:$BL$34,MATCH(LARGE($BL$31:$BL$34,4),$BL$31:$BL$34,0),9)} -> 0 | AM17: {=INDEX($AZ$31:$BL$34,MATCH(LARGE($BL$31:$BL$34,4),$BL$31:$BL$34,0),10)} -> 0 | AN17: {=INDEX($AZ$31:$BL$34,MATCH(LARGE($BL$31:$BL$34,4),$BL$31:$BL$34,0),11)} -> 0 | AO17: {=INDEX($AZ$31:$BL$34,MATCH(LARGE($BL$31:$BL$34,4),$BL$31:$BL$34,0),12)} -> 0 | AZ17: Scotland | BA17: 🏴󠁧󠁢󠁳󠁣󠁴󠁿 | BB17: =SUMPRODUCT(('DU DOAN'!$B$4:$B$107="Vòng bảng")*('DU DOAN'!$D$4:$D$107="C")*ISNUMBER('DU DOAN'!$K$4:$K$107)*ISNUMBER('DU DOAN'!$L$4:$L$107)*(('DU DOAN'!$H$4:$H$107="Scotland")+('DU DOAN'!$I$4:$I$107="Scotland"))) -> 0 | BC17: =SUMPRODUCT(('DU DOAN'!$B$4:$B$107="Vòng bảng")*('DU DOAN'!$D$4:$D$107="C")*ISNUMBER('DU DOAN'!$K$4:$K$107)*ISNUMBER('DU DOAN'!$L$4:$L$107)*(('DU DOAN'!$H$4:$H$107="Scotland")*('DU DOAN'!$K$4:$K$107>'DU DOAN'!$L$4:$L$107)+('DU DOAN'!$I$4:$I$107="Scotland")*('DU DOAN'!$L$4:$L$107>'DU DOAN'!$K$4:$K$107))) -> 0 | BD17: =SUMPRODUCT(('DU DOAN'!$B$4:$B$107="Vòng bảng")*('DU DOAN'!$D$4:$D$107="C")*ISNUMBER('DU DOAN'!$K$4:$K$107)*ISNUMBER('DU DOAN'!$L$4:$L$107)*(('DU DOAN'!$H$4:$H$107="Scotland")*('DU DOAN'!$K$4:$K$107='DU DOAN'!$L$4:$L$107)+('DU DOAN'!$I$4:$I$107="Scotland")*('DU DOAN'!$K$4:$K$107='DU DOAN'!$L$4:$L$107))) -> 0 | BE17: =SUMPRODUCT(('DU DOAN'!$B$4:$B$107="Vòng bảng")*('DU DOAN'!$D$4:$D$107="C")*ISNUMBER('DU DOAN'!$K$4:$K$107)*ISNUMBER('DU DOAN'!$L$4:$L$107)*(('DU DOAN'!$H$4:$H$107="Scotland")*('DU DOAN'!$K$4:$K$107<'DU DOAN'!$L$4:$L$107)+('DU DOAN'!$I$4:$I$107="Scotland")*('DU DOAN'!$L$4:$L$107<'DU DOAN'!$K$4:$K$107))) -> 0 | BF17: =SUMPRODUCT(('DU DOAN'!$B$4:$B$107="Vòng bảng")*('DU DOAN'!$D$4:$D$107="C")*ISNUMBER('DU DOAN'!$K$4:$K$107)*ISNUMBER('DU DOAN'!$L$4:$L$107)*(('DU DOAN'!$H$4:$H$107="Scotland")*'DU DOAN'!$K$4:$K$107+('DU DOAN'!$I$4:$I$107="Scotland")*'DU DOAN'!$L$4:$L$107)) -> 0 | BG17: =SUMPRODUCT(('DU DOAN'!$B$4:$B$107="Vòng bảng")*('DU DOAN'!$D$4:$D$107="C")*ISNUMBER('DU DOAN'!$K$4:$K$107)*ISNUMBER('DU DOAN'!$L$4:$L$107)*(('DU DOAN'!$H$4:$H$107="Scotland")*'DU DOAN'!$L$4:$L$107+('DU DOAN'!$I$4:$I$107="Scotland")*'DU DOAN'!$K$4:$K$107)) -> 0 | BH17: =BF17-BG17 -> 0 | BI17: =SUMPRODUCT(IFERROR((#REF!="Scotland")*#REF!,0))+SUMPRODUCT(IFERROR((#REF!="Scotland")*#REF!,0)) -> 0 | BJ17: =SUMPRODUCT(IFERROR((#REF!="Scotland")*#REF!,0))+SUMPRODUCT(IFERROR((#REF!="Scotland")*#REF!,0)) -> 0 | BK17: =3*BC17+BD17 -> 0 | BL17: =BK17*1000000+BH17*10000+BF17*100+3 -> 3
AZ18: Morocco | BA18: 🇲🇦 | BB18: =SUMPRODUCT(('DU DOAN'!$B$4:$B$107="Vòng bảng")*('DU DOAN'!$D$4:$D$107="C")*ISNUMBER('DU DOAN'!$K$4:$K$107)*ISNUMBER('DU DOAN'!$L$4:$L$107)*(('DU DOAN'!$H$4:$H$107="Morocco")+('DU DOAN'!$I$4:$I$107="Morocco"))) -> 0 | BC18: =SUMPRODUCT(('DU DOAN'!$B$4:$B$107="Vòng bảng")*('DU DOAN'!$D$4:$D$107="C")*ISNUMBER('DU DOAN'!$K$4:$K$107)*ISNUMBER('DU DOAN'!$L$4:$L$107)*(('DU DOAN'!$H$4:$H$107="Morocco")*('DU DOAN'!$K$4:$K$107>'DU DOAN'!$L$4:$L$107)+('DU DOAN'!$I$4:$I$107="Morocco")*('DU DOAN'!$L$4:$L$107>'DU DOAN'!$K$4:$K$107))) -> 0 | BD18: =SUMPRODUCT(('DU DOAN'!$B$4:$B$107="Vòng bảng")*('DU DOAN'!$D$4:$D$107="C")*ISNUMBER('DU DOAN'!$K$4:$K$107)*ISNUMBER('DU DOAN'!$L$4:$L$107)*(('DU DOAN'!$H$4:$H$107="Morocco")*('DU DOAN'!$K$4:$K$107='DU DOAN'!$L$4:$L$107)+('DU DOAN'!$I$4:$I$107="Morocco")*('DU DOAN'!$K$4:$K$107='DU DOAN'!$L$4:$L$107))) -> 0 | BE18: =SUMPRODUCT(('DU DOAN'!$B$4:$B$107="Vòng bảng")*('DU DOAN'!$D$4:$D$107="C")*ISNUMBER('DU DOAN'!$K$4:$K$107)*ISNUMBER('DU DOAN'!$L$4:$L$107)*(('DU DOAN'!$H$4:$H$107="Morocco")*('DU DOAN'!$K$4:$K$107<'DU DOAN'!$L$4:$L$107)+('DU DOAN'!$I$4:$I$107="Morocco")*('DU DOAN'!$L$4:$L$107<'DU DOAN'!$K$4:$K$107))) -> 0 | BF18: =SUMPRODUCT(('DU DOAN'!$B$4:$B$107="Vòng bảng")*('DU DOAN'!$D$4:$D$107="C")*ISNUMBER('DU DOAN'!$K$4:$K$107)*ISNUMBER('DU DOAN'!$L$4:$L$107)*(('DU DOAN'!$H$4:$H$107="Morocco")*'DU DOAN'!$K$4:$K$107+('DU DOAN'!$I$4:$I$107="Morocco")*'DU DOAN'!$L$4:$L$107)) -> 0 | BG18: =SUMPRODUCT(('DU DOAN'!$B$4:$B$107="Vòng bảng")*('DU DOAN'!$D$4:$D$107="C")*ISNUMBER('DU DOAN'!$K$4:$K$107)*ISNUMBER('DU DOAN'!$L$4:$L$107)*(('DU DOAN'!$H$4:$H$107="Morocco")*'DU DOAN'!$L$4:$L$107+('DU DOAN'!$I$4:$I$107="Morocco")*'DU DOAN'!$K$4:$K$107)) -> 0 | BH18: =BF18-BG18 -> 0 | BI18: =SUMPRODUCT(IFERROR((#REF!="Morocco")*#REF!,0))+SUMPRODUCT(IFERROR((#REF!="Morocco")*#REF!,0)) -> 0 | BJ18: =SUMPRODUCT(IFERROR((#REF!="Morocco")*#REF!,0))+SUMPRODUCT(IFERROR((#REF!="Morocco")*#REF!,0)) -> 0 | BK18: =3*BC18+BD18 -> 0 | BL18: =BK18*1000000+BH18*10000+BF18*100+2 -> 2
A19: BẢNG G | O19: BẢNG H | AC19: BẢNG I | AZ19: Haiti | BA19: 🇭🇹 | BB19: =SUMPRODUCT(('DU DOAN'!$B$4:$B$107="Vòng bảng")*('DU DOAN'!$D$4:$D$107="C")*ISNUMBER('DU DOAN'!$K$4:$K$107)*ISNUMBER('DU DOAN'!$L$4:$L$107)*(('DU DOAN'!$H$4:$H$107="Haiti")+('DU DOAN'!$I$4:$I$107="Haiti"))) -> 0 | BC19: =SUMPRODUCT(('DU DOAN'!$B$4:$B$107="Vòng bảng")*('DU DOAN'!$D$4:$D$107="C")*ISNUMBER('DU DOAN'!$K$4:$K$107)*ISNUMBER('DU DOAN'!$L$4:$L$107)*(('DU DOAN'!$H$4:$H$107="Haiti")*('DU DOAN'!$K$4:$K$107>'DU DOAN'!$L$4:$L$107)+('DU DOAN'!$I$4:$I$107="Haiti")*('DU DOAN'!$L$4:$L$107>'DU DOAN'!$K$4:$K$107))) -> 0 | BD19: =SUMPRODUCT(('DU DOAN'!$B$4:$B$107="Vòng bảng")*('DU DOAN'!$D$4:$D$107="C")*ISNUMBER('DU DOAN'!$K$4:$K$107)*ISNUMBER('DU DOAN'!$L$4:$L$107)*(('DU DOAN'!$H$4:$H$107="Haiti")*('DU DOAN'!$K$4:$K$107='DU DOAN'!$L$4:$L$107)+('DU DOAN'!$I$4:$I$107="Haiti")*('DU DOAN'!$K$4:$K$107='DU DOAN'!$L$4:$L$107))) -> 0 | BE19: =SUMPRODUCT(('DU DOAN'!$B$4:$B$107="Vòng bảng")*('DU DOAN'!$D$4:$D$107="C")*ISNUMBER('DU DOAN'!$K$4:$K$107)*ISNUMBER('DU DOAN'!$L$4:$L$107)*(('DU DOAN'!$H$4:$H$107="Haiti")*('DU DOAN'!$K$4:$K$107<'DU DOAN'!$L$4:$L$107)+('DU DOAN'!$I$4:$I$107="Haiti")*('DU DOAN'!$L$4:$L$107<'DU DOAN'!$K$4:$K$107))) -> 0 | BF19: =SUMPRODUCT(('DU DOAN'!$B$4:$B$107="Vòng bảng")*('DU DOAN'!$D$4:$D$107="C")*ISNUMBER('DU DOAN'!$K$4:$K$107)*ISNUMBER('DU DOAN'!$L$4:$L$107)*(('DU DOAN'!$H$4:$H$107="Haiti")*'DU DOAN'!$K$4:$K$107+('DU DOAN'!$I$4:$I$107="Haiti")*'DU DOAN'!$L$4:$L$107)) -> 0 | BG19: =SUMPRODUCT(('DU DOAN'!$B$4:$B$107="Vòng bảng")*('DU DOAN'!$D$4:$D$107="C")*ISNUMBER('DU DOAN'!$K$4:$K$107)*ISNUMBER('DU DOAN'!$L$4:$L$107)*(('DU DOAN'!$H$4:$H$107="Haiti")*'DU DOAN'!$L$4:$L$107+('DU DOAN'!$I$4:$I$107="Haiti")*'DU DOAN'!$K$4:$K$107)) -> 0 | BH19: =BF19-BG19 -> 0 | BI19: =SUMPRODUCT(IFERROR((#REF!="Haiti")*#REF!,0))+SUMPRODUCT(IFERROR((#REF!="Haiti")*#REF!,0)) -> 0 | BJ19: =SUMPRODUCT(IFERROR((#REF!="Haiti")*#REF!,0))+SUMPRODUCT(IFERROR((#REF!="Haiti")*#REF!,0)) -> 0 | BK19: =3*BC19+BD19 -> 0 | BL19: =BK19*1000000+BH19*10000+BF19*100+1 -> 1
A20: # | B20: 🏴 | C20: Đội tuyển | D20: Đá | E20: T | F20: H | G20: B | H20: GF | I20: GA | J20: GD | K20: 🟨 | L20: 🟥 | M20: Pts | O20: # | P20: 🏴 | Q20: Đội tuyển | R20: Đá | S20: T | T20: H | U20: B | V20: GF | W20: GA | X20: GD | Y20: 🟨 | Z20: 🟥 | AA20: Pts | AC20: # | AD20: 🏴 | AE20: Đội tuyển | AF20: Đá | AG20: T | AH20: H | AI20: B | AJ20: GF | AK20: GA | AL20: GD | AM20: 🟨 | AN20: 🟥 | AO20: Pts
A21: 1 | B21: {=INDEX($BA$36:$BA$39,MATCH(LARGE($BL$36:$BL$39,1),$BL$36:$BL$39,0))} -> 🇧🇪 | C21: {=INDEX($AZ$36:$AZ$39,MATCH(LARGE($BL$36:$BL$39,1),$BL$36:$BL$39,0))} -> Belgium | D21: {=INDEX($AZ$36:$BL$39,MATCH(LARGE($BL$36:$BL$39,1),$BL$36:$BL$39,0),3)} -> 0 | E21: {=INDEX($AZ$36:$BL$39,MATCH(LARGE($BL$36:$BL$39,1),$BL$36:$BL$39,0),4)} -> 0 | F21: {=INDEX($AZ$36:$BL$39,MATCH(LARGE($BL$36:$BL$39,1),$BL$36:$BL$39,0),5)} -> 0 | G21: {=INDEX($AZ$36:$BL$39,MATCH(LARGE($BL$36:$BL$39,1),$BL$36:$BL$39,0),6)} -> 0 | H21: {=INDEX($AZ$36:$BL$39,MATCH(LARGE($BL$36:$BL$39,1),$BL$36:$BL$39,0),7)} -> 0 | I21: {=INDEX($AZ$36:$BL$39,MATCH(LARGE($BL$36:$BL$39,1),$BL$36:$BL$39,0),8)} -> 0 | J21: {=INDEX($AZ$36:$BL$39,MATCH(LARGE($BL$36:$BL$39,1),$BL$36:$BL$39,0),9)} -> 0 | K21: {=INDEX($AZ$36:$BL$39,MATCH(LARGE($BL$36:$BL$39,1),$BL$36:$BL$39,0),10)} -> 0 | L21: {=INDEX($AZ$36:$BL$39,MATCH(LARGE($BL$36:$BL$39,1),$BL$36:$BL$39,0),11)} -> 0 | M21: {=INDEX($AZ$36:$BL$39,MATCH(LARGE($BL$36:$BL$39,1),$BL$36:$BL$39,0),12)} -> 0 | O21: 1 | P21: {=INDEX($BA$41:$BA$44,MATCH(LARGE($BL$41:$BL$44,1),$BL$41:$BL$44,0))} -> 🇪🇸 | Q21: {=INDEX($AZ$41:$AZ$44,MATCH(LARGE($BL$41:$BL$44,1),$BL$41:$BL$44,0))} -> Spain | R21: {=INDEX($AZ$41:$BL$44,MATCH(LARGE($BL$41:$BL$44,1),$BL$41:$BL$44,0),3)} -> 0 | S21: {=INDEX($AZ$41:$BL$44,MATCH(LARGE($BL$41:$BL$44,1),$BL$41:$BL$44,0),4)} -> 0 | T21: {=INDEX($AZ$41:$BL$44,MATCH(LARGE($BL$41:$BL$44,1),$BL$41:$BL$44,0),5)} -> 0 | U21: {=INDEX($AZ$41:$BL$44,MATCH(LARGE($BL$41:$BL$44,1),$BL$41:$BL$44,0),6)} -> 0 | V21: {=INDEX($AZ$41:$BL$44,MATCH(LARGE($BL$41:$BL$44,1),$BL$41:$BL$44,0),7)} -> 0 | W21: {=INDEX($AZ$41:$BL$44,MATCH(LARGE($BL$41:$BL$44,1),$BL$41:$BL$44,0),8)} -> 0 | X21: {=INDEX($AZ$41:$BL$44,MATCH(LARGE($BL$41:$BL$44,1),$BL$41:$BL$44,0),9)} -> 0 | Y21: {=INDEX($AZ$41:$BL$44,MATCH(LARGE($BL$41:$BL$44,1),$BL$41:$BL$44,0),10)} -> 0 | Z21: {=INDEX($AZ$41:$BL$44,MATCH(LARGE($BL$41:$BL$44,1),$BL$41:$BL$44,0),11)} -> 0 | AA21: {=INDEX($AZ$41:$BL$44,MATCH(LARGE($BL$41:$BL$44,1),$BL$41:$BL$44,0),12)} -> 0 | AC21: 1 | AD21: {=INDEX($BA$46:$BA$49,MATCH(LARGE($BL$46:$BL$49,1),$BL$46:$BL$49,0))} -> 🇫🇷 | AE21: {=INDEX($AZ$46:$AZ$49,MATCH(LARGE($BL$46:$BL$49,1),$BL$46:$BL$49,0))} -> France | AF21: {=INDEX($AZ$46:$BL$49,MATCH(LARGE($BL$46:$BL$49,1),$BL$46:$BL$49,0),3)} -> 0 | AG21: {=INDEX($AZ$46:$BL$49,MATCH(LARGE($BL$46:$BL$49,1),$BL$46:$BL$49,0),4)} -> 0 | AH21: {=INDEX($AZ$46:$BL$49,MATCH(LARGE($BL$46:$BL$49,1),$BL$46:$BL$49,0),5)} -> 0 | AI21: {=INDEX($AZ$46:$BL$49,MATCH(LARGE($BL$46:$BL$49,1),$BL$46:$BL$49,0),6)} -> 0 | AJ21: {=INDEX($AZ$46:$BL$49,MATCH(LARGE($BL$46:$BL$49,1),$BL$46:$BL$49,0),7)} -> 0 | AK21: {=INDEX($AZ$46:$BL$49,MATCH(LARGE($BL$46:$BL$49,1),$BL$46:$BL$49,0),8)} -> 0 | AL21: {=INDEX($AZ$46:$BL$49,MATCH(LARGE($BL$46:$BL$49,1),$BL$46:$BL$49,0),9)} -> 0 | AM21: {=INDEX($AZ$46:$BL$49,MATCH(LARGE($BL$46:$BL$49,1),$BL$46:$BL$49,0),10)} -> 0 | AN21: {=INDEX($AZ$46:$BL$49,MATCH(LARGE($BL$46:$BL$49,1),$BL$46:$BL$49,0),11)} -> 0 | AO21: {=INDEX($AZ$46:$BL$49,MATCH(LARGE($BL$46:$BL$49,1),$BL$46:$BL$49,0),12)} -> 0 | AY21: D | AZ21: United States | BA21: 🇺🇸 | BB21: =SUMPRODUCT(('DU DOAN'!$B$4:$B$107="Vòng bảng")*('DU DOAN'!$D$4:$D$107="D")*ISNUMBER('DU DOAN'!$K$4:$K$107)*ISNUMBER('DU DOAN'!$L$4:$L$107)*(('DU DOAN'!$H$4:$H$107="United States")+('DU DOAN'!$I$4:$I$107="United States"))) -> 0 | BC21: =SUMPRODUCT(('DU DOAN'!$B$4:$B$107="Vòng bảng")*('DU DOAN'!$D$4:$D$107="D")*ISNUMBER('DU DOAN'!$K$4:$K$107)*ISNUMBER('DU DOAN'!$L$4:$L$107)*(('DU DOAN'!$H$4:$H$107="United States")*('DU DOAN'!$K$4:$K$107>'DU DOAN'!$L$4:$L$107)+('DU DOAN'!$I$4:$I$107="United States")*('DU DOAN'!$L$4:$L$107>'DU DOAN'!$K$4:$K$107))) -> 0 | BD21: =SUMPRODUCT(('DU DOAN'!$B$4:$B$107="Vòng bảng")*('DU DOAN'!$D$4:$D$107="D")*ISNUMBER('DU DOAN'!$K$4:$K$107)*ISNUMBER('DU DOAN'!$L$4:$L$107)*(('DU DOAN'!$H$4:$H$107="United States")*('DU DOAN'!$K$4:$K$107='DU DOAN'!$L$4:$L$107)+('DU DOAN'!$I$4:$I$107="United States")*('DU DOAN'!$K$4:$K$107='DU DOAN'!$L$4:$L$107))) -> 0 | BE21: =SUMPRODUCT(('DU DOAN'!$B$4:$B$107="Vòng bảng")*('DU DOAN'!$D$4:$D$107="D")*ISNUMBER('DU DOAN'!$K$4:$K$107)*ISNUMBER('DU DOAN'!$L$4:$L$107)*(('DU DOAN'!$H$4:$H$107="United States")*('DU DOAN'!$K$4:$K$107<'DU DOAN'!$L$4:$L$107)+('DU DOAN'!$I$4:$I$107="United States")*('DU DOAN'!$L$4:$L$107<'DU DOAN'!$K$4:$K$107))) -> 0 | BF21: =SUMPRODUCT(('DU DOAN'!$B$4:$B$107="Vòng bảng")*('DU DOAN'!$D$4:$D$107="D")*ISNUMBER('DU DOAN'!$K$4:$K$107)*ISNUMBER('DU DOAN'!$L$4:$L$107)*(('DU DOAN'!$H$4:$H$107="United States")*'DU DOAN'!$K$4:$K$107+('DU DOAN'!$I$4:$I$107="United States")*'DU DOAN'!$L$4:$L$107)) -> 0 | BG21: =SUMPRODUCT(('DU DOAN'!$B$4:$B$107="Vòng bảng")*('DU DOAN'!$D$4:$D$107="D")*ISNUMBER('DU DOAN'!$K$4:$K$107)*ISNUMBER('DU DOAN'!$L$4:$L$107)*(('DU DOAN'!$H$4:$H$107="United States")*'DU DOAN'!$L$4:$L$107+('DU DOAN'!$I$4:$I$107="United States")*'DU DOAN'!$K$4:$K$107)) -> 0 | BH21: =BF21-BG21 -> 0 | BI21: =SUMPRODUCT(IFERROR((#REF!="United States")*#REF!,0))+SUMPRODUCT(IFERROR((#REF!="United States")*#REF!,0)) -> 0 | BJ21: =SUMPRODUCT(IFERROR((#REF!="United States")*#REF!,0))+SUMPRODUCT(IFERROR((#REF!="United States")*#REF!,0)) -> 0 | BK21: =3*BC21+BD21 -> 0 | BL21: =BK21*1000000+BH21*10000+BF21*100+4 -> 4
A22: 2 | B22: {=INDEX($BA$36:$BA$39,MATCH(LARGE($BL$36:$BL$39,2),$BL$36:$BL$39,0))} -> 🇮🇷 | C22: {=INDEX($AZ$36:$AZ$39,MATCH(LARGE($BL$36:$BL$39,2),$BL$36:$BL$39,0))} -> Iran | D22: {=INDEX($AZ$36:$BL$39,MATCH(LARGE($BL$36:$BL$39,2),$BL$36:$BL$39,0),3)} -> 0 | E22: {=INDEX($AZ$36:$BL$39,MATCH(LARGE($BL$36:$BL$39,2),$BL$36:$BL$39,0),4)} -> 0 | F22: {=INDEX($AZ$36:$BL$39,MATCH(LARGE($BL$36:$BL$39,2),$BL$36:$BL$39,0),5)} -> 0 | G22: {=INDEX($AZ$36:$BL$39,MATCH(LARGE($BL$36:$BL$39,2),$BL$36:$BL$39,0),6)} -> 0 | H22: {=INDEX($AZ$36:$BL$39,MATCH(LARGE($BL$36:$BL$39,2),$BL$36:$BL$39,0),7)} -> 0 | I22: {=INDEX($AZ$36:$BL$39,MATCH(LARGE($BL$36:$BL$39,2),$BL$36:$BL$39,0),8)} -> 0 | J22: {=INDEX($AZ$36:$BL$39,MATCH(LARGE($BL$36:$BL$39,2),$BL$36:$BL$39,0),9)} -> 0 | K22: {=INDEX($AZ$36:$BL$39,MATCH(LARGE($BL$36:$BL$39,2),$BL$36:$BL$39,0),10)} -> 0 | L22: {=INDEX($AZ$36:$BL$39,MATCH(LARGE($BL$36:$BL$39,2),$BL$36:$BL$39,0),11)} -> 0 | M22: {=INDEX($AZ$36:$BL$39,MATCH(LARGE($BL$36:$BL$39,2),$BL$36:$BL$39,0),12)} -> 0 | O22: 2 | P22: {=INDEX($BA$41:$BA$44,MATCH(LARGE($BL$41:$BL$44,2),$BL$41:$BL$44,0))} -> 🇺🇾 | Q22: {=INDEX($AZ$41:$AZ$44,MATCH(LARGE($BL$41:$BL$44,2),$BL$41:$BL$44,0))} -> Uruguay | R22: {=INDEX($AZ$41:$BL$44,MATCH(LARGE($BL$41:$BL$44,2),$BL$41:$BL$44,0),3)} -> 0 | S22: {=INDEX($AZ$41:$BL$44,MATCH(LARGE($BL$41:$BL$44,2),$BL$41:$BL$44,0),4)} -> 0 | T22: {=INDEX($AZ$41:$BL$44,MATCH(LARGE($BL$41:$BL$44,2),$BL$41:$BL$44,0),5)} -> 0 | U22: {=INDEX($AZ$41:$BL$44,MATCH(LARGE($BL$41:$BL$44,2),$BL$41:$BL$44,0),6)} -> 0 | V22: {=INDEX($AZ$41:$BL$44,MATCH(LARGE($BL$41:$BL$44,2),$BL$41:$BL$44,0),7)} -> 0 | W22: {=INDEX($AZ$41:$BL$44,MATCH(LARGE($BL$41:$BL$44,2),$BL$41:$BL$44,0),8)} -> 0 | X22: {=INDEX($AZ$41:$BL$44,MATCH(LARGE($BL$41:$BL$44,2),$BL$41:$BL$44,0),9)} -> 0 | Y22: {=INDEX($AZ$41:$BL$44,MATCH(LARGE($BL$41:$BL$44,2),$BL$41:$BL$44,0),10)} -> 0 | Z22: {=INDEX($AZ$41:$BL$44,MATCH(LARGE($BL$41:$BL$44,2),$BL$41:$BL$44,0),11)} -> 0 | AA22: {=INDEX($AZ$41:$BL$44,MATCH(LARGE($BL$41:$BL$44,2),$BL$41:$BL$44,0),12)} -> 0 | AC22: 2 | AD22: {=INDEX($BA$46:$BA$49,MATCH(LARGE($BL$46:$BL$49,2),$BL$46:$BL$49,0))} -> 🇳🇴 | AE22: {=INDEX($AZ$46:$AZ$49,MATCH(LARGE($BL$46:$BL$49,2),$BL$46:$BL$49,0))} -> Norway | AF22: {=INDEX($AZ$46:$BL$49,MATCH(LARGE($BL$46:$BL$49,2),$BL$46:$BL$49,0),3)} -> 0 | AG22: {=INDEX($AZ$46:$BL$49,MATCH(LARGE($BL$46:$BL$49,2),$BL$46:$BL$49,0),4)} -> 0 | AH22: {=INDEX($AZ$46:$BL$49,MATCH(LARGE($BL$46:$BL$49,2),$BL$46:$BL$49,0),5)} -> 0 | AI22: {=INDEX($AZ$46:$BL$49,MATCH(LARGE($BL$46:$BL$49,2),$BL$46:$BL$49,0),6)} -> 0 | AJ22: {=INDEX($AZ$46:$BL$49,MATCH(LARGE($BL$46:$BL$49,2),$BL$46:$BL$49,0),7)} -> 0 | AK22: {=INDEX($AZ$46:$BL$49,MATCH(LARGE($BL$46:$BL$49,2),$BL$46:$BL$49,0),8)} -> 0 | AL22: {=INDEX($AZ$46:$BL$49,MATCH(LARGE($BL$46:$BL$49,2),$BL$46:$BL$49,0),9)} -> 0 | AM22: {=INDEX($AZ$46:$BL$49,MATCH(LARGE($BL$46:$BL$49,2),$BL$46:$BL$49,0),10)} -> 0 | AN22: {=INDEX($AZ$46:$BL$49,MATCH(LARGE($BL$46:$BL$49,2),$BL$46:$BL$49,0),11)} -> 0 | AO22: {=INDEX($AZ$46:$BL$49,MATCH(LARGE($BL$46:$BL$49,2),$BL$46:$BL$49,0),12)} -> 0 | AZ22: Türkiye | BA22: 🇹🇷 | BB22: =SUMPRODUCT(('DU DOAN'!$B$4:$B$107="Vòng bảng")*('DU DOAN'!$D$4:$D$107="D")*ISNUMBER('DU DOAN'!$K$4:$K$107)*ISNUMBER('DU DOAN'!$L$4:$L$107)*(('DU DOAN'!$H$4:$H$107="Türkiye")+('DU DOAN'!$I$4:$I$107="Türkiye"))) -> 0 | BC22: =SUMPRODUCT(('DU DOAN'!$B$4:$B$107="Vòng bảng")*('DU DOAN'!$D$4:$D$107="D")*ISNUMBER('DU DOAN'!$K$4:$K$107)*ISNUMBER('DU DOAN'!$L$4:$L$107)*(('DU DOAN'!$H$4:$H$107="Türkiye")*('DU DOAN'!$K$4:$K$107>'DU DOAN'!$L$4:$L$107)+('DU DOAN'!$I$4:$I$107="Türkiye")*('DU DOAN'!$L$4:$L$107>'DU DOAN'!$K$4:$K$107))) -> 0 | BD22: =SUMPRODUCT(('DU DOAN'!$B$4:$B$107="Vòng bảng")*('DU DOAN'!$D$4:$D$107="D")*ISNUMBER('DU DOAN'!$K$4:$K$107)*ISNUMBER('DU DOAN'!$L$4:$L$107)*(('DU DOAN'!$H$4:$H$107="Türkiye")*('DU DOAN'!$K$4:$K$107='DU DOAN'!$L$4:$L$107)+('DU DOAN'!$I$4:$I$107="Türkiye")*('DU DOAN'!$K$4:$K$107='DU DOAN'!$L$4:$L$107))) -> 0 | BE22: =SUMPRODUCT(('DU DOAN'!$B$4:$B$107="Vòng bảng")*('DU DOAN'!$D$4:$D$107="D")*ISNUMBER('DU DOAN'!$K$4:$K$107)*ISNUMBER('DU DOAN'!$L$4:$L$107)*(('DU DOAN'!$H$4:$H$107="Türkiye")*('DU DOAN'!$K$4:$K$107<'DU DOAN'!$L$4:$L$107)+('DU DOAN'!$I$4:$I$107="Türkiye")*('DU DOAN'!$L$4:$L$107<'DU DOAN'!$K$4:$K$107))) -> 0 | BF22: =SUMPRODUCT(('DU DOAN'!$B$4:$B$107="Vòng bảng")*('DU DOAN'!$D$4:$D$107="D")*ISNUMBER('DU DOAN'!$K$4:$K$107)*ISNUMBER('DU DOAN'!$L$4:$L$107)*(('DU DOAN'!$H$4:$H$107="Türkiye")*'DU DOAN'!$K$4:$K$107+('DU DOAN'!$I$4:$I$107="Türkiye")*'DU DOAN'!$L$4:$L$107)) -> 0 | BG22: =SUMPRODUCT(('DU DOAN'!$B$4:$B$107="Vòng bảng")*('DU DOAN'!$D$4:$D$107="D")*ISNUMBER('DU DOAN'!$K$4:$K$107)*ISNUMBER('DU DOAN'!$L$4:$L$107)*(('DU DOAN'!$H$4:$H$107="Türkiye")*'DU DOAN'!$L$4:$L$107+('DU DOAN'!$I$4:$I$107="Türkiye")*'DU DOAN'!$K$4:$K$107)) -> 0 | BH22: =BF22-BG22 -> 0 | BI22: =SUMPRODUCT(IFERROR((#REF!="Türkiye")*#REF!,0))+SUMPRODUCT(IFERROR((#REF!="Türkiye")*#REF!,0)) -> 0 | BJ22: =SUMPRODUCT(IFERROR((#REF!="Türkiye")*#REF!,0))+SUMPRODUCT(IFERROR((#REF!="Türkiye")*#REF!,0)) -> 0 | BK22: =3*BC22+BD22 -> 0 | BL22: =BK22*1000000+BH22*10000+BF22*100+3 -> 3
A23: 3 | B23: {=INDEX($BA$36:$BA$39,MATCH(LARGE($BL$36:$BL$39,3),$BL$36:$BL$39,0))} -> 🇪🇬 | C23: {=INDEX($AZ$36:$AZ$39,MATCH(LARGE($BL$36:$BL$39,3),$BL$36:$BL$39,0))} -> Egypt | D23: {=INDEX($AZ$36:$BL$39,MATCH(LARGE($BL$36:$BL$39,3),$BL$36:$BL$39,0),3)} -> 0 | E23: {=INDEX($AZ$36:$BL$39,MATCH(LARGE($BL$36:$BL$39,3),$BL$36:$BL$39,0),4)} -> 0 | F23: {=INDEX($AZ$36:$BL$39,MATCH(LARGE($BL$36:$BL$39,3),$BL$36:$BL$39,0),5)} -> 0 | G23: {=INDEX($AZ$36:$BL$39,MATCH(LARGE($BL$36:$BL$39,3),$BL$36:$BL$39,0),6)} -> 0 | H23: {=INDEX($AZ$36:$BL$39,MATCH(LARGE($BL$36:$BL$39,3),$BL$36:$BL$39,0),7)} -> 0 | I23: {=INDEX($AZ$36:$BL$39,MATCH(LARGE($BL$36:$BL$39,3),$BL$36:$BL$39,0),8)} -> 0 | J23: {=INDEX($AZ$36:$BL$39,MATCH(LARGE($BL$36:$BL$39,3),$BL$36:$BL$39,0),9)} -> 0 | K23: {=INDEX($AZ$36:$BL$39,MATCH(LARGE($BL$36:$BL$39,3),$BL$36:$BL$39,0),10)} -> 0 | L23: {=INDEX($AZ$36:$BL$39,MATCH(LARGE($BL$36:$BL$39,3),$BL$36:$BL$39,0),11)} -> 0 | M23: {=INDEX($AZ$36:$BL$39,MATCH(LARGE($BL$36:$BL$39,3),$BL$36:$BL$39,0),12)} -> 0 | O23: 3 | P23: {=INDEX($BA$41:$BA$44,MATCH(LARGE($BL$41:$BL$44,3),$BL$41:$BL$44,0))} -> 🇸🇦 | Q23: {=INDEX($AZ$41:$AZ$44,MATCH(LARGE($BL$41:$BL$44,3),$BL$41:$BL$44,0))} -> Saudi Arabia | R23: {=INDEX($AZ$41:$BL$44,MATCH(LARGE($BL$41:$BL$44,3),$BL$41:$BL$44,0),3)} -> 0 | S23: {=INDEX($AZ$41:$BL$44,MATCH(LARGE($BL$41:$BL$44,3),$BL$41:$BL$44,0),4)} -> 0 | T23: {=INDEX($AZ$41:$BL$44,MATCH(LARGE($BL$41:$BL$44,3),$BL$41:$BL$44,0),5)} -> 0 | U23: {=INDEX($AZ$41:$BL$44,MATCH(LARGE($BL$41:$BL$44,3),$BL$41:$BL$44,0),6)} -> 0 | V23: {=INDEX($AZ$41:$BL$44,MATCH(LARGE($BL$41:$BL$44,3),$BL$41:$BL$44,0),7)} -> 0 | W23: {=INDEX($AZ$41:$BL$44,MATCH(LARGE($BL$41:$BL$44,3),$BL$41:$BL$44,0),8)} -> 0 | X23: {=INDEX($AZ$41:$BL$44,MATCH(LARGE($BL$41:$BL$44,3),$BL$41:$BL$44,0),9)} -> 0 | Y23: {=INDEX($AZ$41:$BL$44,MATCH(LARGE($BL$41:$BL$44,3),$BL$41:$BL$44,0),10)} -> 0 | Z23: {=INDEX($AZ$41:$BL$44,MATCH(LARGE($BL$41:$BL$44,3),$BL$41:$BL$44,0),11)} -> 0 | AA23: {=INDEX($AZ$41:$BL$44,MATCH(LARGE($BL$41:$BL$44,3),$BL$41:$BL$44,0),12)} -> 0 | AC23: 3 | AD23: {=INDEX($BA$46:$BA$49,MATCH(LARGE($BL$46:$BL$49,3),$BL$46:$BL$49,0))} -> 🇸🇳 | AE23: {=INDEX($AZ$46:$AZ$49,MATCH(LARGE($BL$46:$BL$49,3),$BL$46:$BL$49,0))} -> Senegal | AF23: {=INDEX($AZ$46:$BL$49,MATCH(LARGE($BL$46:$BL$49,3),$BL$46:$BL$49,0),3)} -> 0 | AG23: {=INDEX($AZ$46:$BL$49,MATCH(LARGE($BL$46:$BL$49,3),$BL$46:$BL$49,0),4)} -> 0 | AH23: {=INDEX($AZ$46:$BL$49,MATCH(LARGE($BL$46:$BL$49,3),$BL$46:$BL$49,0),5)} -> 0 | AI23: {=INDEX($AZ$46:$BL$49,MATCH(LARGE($BL$46:$BL$49,3),$BL$46:$BL$49,0),6)} -> 0 | AJ23: {=INDEX($AZ$46:$BL$49,MATCH(LARGE($BL$46:$BL$49,3),$BL$46:$BL$49,0),7)} -> 0 | AK23: {=INDEX($AZ$46:$BL$49,MATCH(LARGE($BL$46:$BL$49,3),$BL$46:$BL$49,0),8)} -> 0 | AL23: {=INDEX($AZ$46:$BL$49,MATCH(LARGE($BL$46:$BL$49,3),$BL$46:$BL$49,0),9)} -> 0 | AM23: {=INDEX($AZ$46:$BL$49,MATCH(LARGE($BL$46:$BL$49,3),$BL$46:$BL$49,0),10)} -> 0 | AN23: {=INDEX($AZ$46:$BL$49,MATCH(LARGE($BL$46:$BL$49,3),$BL$46:$BL$49,0),11)} -> 0 | AO23: {=INDEX($AZ$46:$BL$49,MATCH(LARGE($BL$46:$BL$49,3),$BL$46:$BL$49,0),12)} -> 0 | AZ23: Paraguay | BA23: 🇵🇾 | BB23: =SUMPRODUCT(('DU DOAN'!$B$4:$B$107="Vòng bảng")*('DU DOAN'!$D$4:$D$107="D")*ISNUMBER('DU DOAN'!$K$4:$K$107)*ISNUMBER('DU DOAN'!$L$4:$L$107)*(('DU DOAN'!$H$4:$H$107="Paraguay")+('DU DOAN'!$I$4:$I$107="Paraguay"))) -> 0 | BC23: =SUMPRODUCT(('DU DOAN'!$B$4:$B$107="Vòng bảng")*('DU DOAN'!$D$4:$D$107="D")*ISNUMBER('DU DOAN'!$K$4:$K$107)*ISNUMBER('DU DOAN'!$L$4:$L$107)*(('DU DOAN'!$H$4:$H$107="Paraguay")*('DU DOAN'!$K$4:$K$107>'DU DOAN'!$L$4:$L$107)+('DU DOAN'!$I$4:$I$107="Paraguay")*('DU DOAN'!$L$4:$L$107>'DU DOAN'!$K$4:$K$107))) -> 0 | BD23: =SUMPRODUCT(('DU DOAN'!$B$4:$B$107="Vòng bảng")*('DU DOAN'!$D$4:$D$107="D")*ISNUMBER('DU DOAN'!$K$4:$K$107)*ISNUMBER('DU DOAN'!$L$4:$L$107)*(('DU DOAN'!$H$4:$H$107="Paraguay")*('DU DOAN'!$K$4:$K$107='DU DOAN'!$L$4:$L$107)+('DU DOAN'!$I$4:$I$107="Paraguay")*('DU DOAN'!$K$4:$K$107='DU DOAN'!$L$4:$L$107))) -> 0 | BE23: =SUMPRODUCT(('DU DOAN'!$B$4:$B$107="Vòng bảng")*('DU DOAN'!$D$4:$D$107="D")*ISNUMBER('DU DOAN'!$K$4:$K$107)*ISNUMBER('DU DOAN'!$L$4:$L$107)*(('DU DOAN'!$H$4:$H$107="Paraguay")*('DU DOAN'!$K$4:$K$107<'DU DOAN'!$L$4:$L$107)+('DU DOAN'!$I$4:$I$107="Paraguay")*('DU DOAN'!$L$4:$L$107<'DU DOAN'!$K$4:$K$107))) -> 0 | BF23: =SUMPRODUCT(('DU DOAN'!$B$4:$B$107="Vòng bảng")*('DU DOAN'!$D$4:$D$107="D")*ISNUMBER('DU DOAN'!$K$4:$K$107)*ISNUMBER('DU DOAN'!$L$4:$L$107)*(('DU DOAN'!$H$4:$H$107="Paraguay")*'DU DOAN'!$K$4:$K$107+('DU DOAN'!$I$4:$I$107="Paraguay")*'DU DOAN'!$L$4:$L$107)) -> 0 | BG23: =SUMPRODUCT(('DU DOAN'!$B$4:$B$107="Vòng bảng")*('DU DOAN'!$D$4:$D$107="D")*ISNUMBER('DU DOAN'!$K$4:$K$107)*ISNUMBER('DU DOAN'!$L$4:$L$107)*(('DU DOAN'!$H$4:$H$107="Paraguay")*'DU DOAN'!$L$4:$L$107+('DU DOAN'!$I$4:$I$107="Paraguay")*'DU DOAN'!$K$4:$K$107)) -> 0 | BH23: =BF23-BG23 -> 0 | BI23: =SUMPRODUCT(IFERROR((#REF!="Paraguay")*#REF!,0))+SUMPRODUCT(IFERROR((#REF!="Paraguay")*#REF!,0)) -> 0 | BJ23: =SUMPRODUCT(IFERROR((#REF!="Paraguay")*#REF!,0))+SUMPRODUCT(IFERROR((#REF!="Paraguay")*#REF!,0)) -> 0 | BK23: =3*BC23+BD23 -> 0 | BL23: =BK23*1000000+BH23*10000+BF23*100+2 -> 2
A24: 4 | B24: {=INDEX($BA$36:$BA$39,MATCH(LARGE($BL$36:$BL$39,4),$BL$36:$BL$39,0))} -> 🇳🇿 | C24: {=INDEX($AZ$36:$AZ$39,MATCH(LARGE($BL$36:$BL$39,4),$BL$36:$BL$39,0))} -> New Zealand | D24: {=INDEX($AZ$36:$BL$39,MATCH(LARGE($BL$36:$BL$39,4),$BL$36:$BL$39,0),3)} -> 0 | E24: {=INDEX($AZ$36:$BL$39,MATCH(LARGE($BL$36:$BL$39,4),$BL$36:$BL$39,0),4)} -> 0 | F24: {=INDEX($AZ$36:$BL$39,MATCH(LARGE($BL$36:$BL$39,4),$BL$36:$BL$39,0),5)} -> 0 | G24: {=INDEX($AZ$36:$BL$39,MATCH(LARGE($BL$36:$BL$39,4),$BL$36:$BL$39,0),6)} -> 0 | H24: {=INDEX($AZ$36:$BL$39,MATCH(LARGE($BL$36:$BL$39,4),$BL$36:$BL$39,0),7)} -> 0 | I24: {=INDEX($AZ$36:$BL$39,MATCH(LARGE($BL$36:$BL$39,4),$BL$36:$BL$39,0),8)} -> 0 | J24: {=INDEX($AZ$36:$BL$39,MATCH(LARGE($BL$36:$BL$39,4),$BL$36:$BL$39,0),9)} -> 0 | K24: {=INDEX($AZ$36:$BL$39,MATCH(LARGE($BL$36:$BL$39,4),$BL$36:$BL$39,0),10)} -> 0 | L24: {=INDEX($AZ$36:$BL$39,MATCH(LARGE($BL$36:$BL$39,4),$BL$36:$BL$39,0),11)} -> 0 | M24: {=INDEX($AZ$36:$BL$39,MATCH(LARGE($BL$36:$BL$39,4),$BL$36:$BL$39,0),12)} -> 0 | O24: 4 | P24: {=INDEX($BA$41:$BA$44,MATCH(LARGE($BL$41:$BL$44,4),$BL$41:$BL$44,0))} -> 🇨🇻 | Q24: {=INDEX($AZ$41:$AZ$44,MATCH(LARGE($BL$41:$BL$44,4),$BL$41:$BL$44,0))} -> Cape Verde | R24: {=INDEX($AZ$41:$BL$44,MATCH(LARGE($BL$41:$BL$44,4),$BL$41:$BL$44,0),3)} -> 0 | S24: {=INDEX($AZ$41:$BL$44,MATCH(LARGE($BL$41:$BL$44,4),$BL$41:$BL$44,0),4)} -> 0 | T24: {=INDEX($AZ$41:$BL$44,MATCH(LARGE($BL$41:$BL$44,4),$BL$41:$BL$44,0),5)} -> 0 | U24: {=INDEX($AZ$41:$BL$44,MATCH(LARGE($BL$41:$BL$44,4),$BL$41:$BL$44,0),6)} -> 0 | V24: {=INDEX($AZ$41:$BL$44,MATCH(LARGE($BL$41:$BL$44,4),$BL$41:$BL$44,0),7)} -> 0 | W24: {=INDEX($AZ$41:$BL$44,MATCH(LARGE($BL$41:$BL$44,4),$BL$41:$BL$44,0),8)} -> 0 | X24: {=INDEX($AZ$41:$BL$44,MATCH(LARGE($BL$41:$BL$44,4),$BL$41:$BL$44,0),9)} -> 0 | Y24: {=INDEX($AZ$41:$BL$44,MATCH(LARGE($BL$41:$BL$44,4),$BL$41:$BL$44,0),10)} -> 0 | Z24: {=INDEX($AZ$41:$BL$44,MATCH(LARGE($BL$41:$BL$44,4),$BL$41:$BL$44,0),11)} -> 0 | AA24: {=INDEX($AZ$41:$BL$44,MATCH(LARGE($BL$41:$BL$44,4),$BL$41:$BL$44,0),12)} -> 0 | AC24: 4 | AD24: {=INDEX($BA$46:$BA$49,MATCH(LARGE($BL$46:$BL$49,4),$BL$46:$BL$49,0))} -> 🇮🇶 | AE24: {=INDEX($AZ$46:$AZ$49,MATCH(LARGE($BL$46:$BL$49,4),$BL$46:$BL$49,0))} -> Iraq | AF24: {=INDEX($AZ$46:$BL$49,MATCH(LARGE($BL$46:$BL$49,4),$BL$46:$BL$49,0),3)} -> 0 | AG24: {=INDEX($AZ$46:$BL$49,MATCH(LARGE($BL$46:$BL$49,4),$BL$46:$BL$49,0),4)} -> 0 | AH24: {=INDEX($AZ$46:$BL$49,MATCH(LARGE($BL$46:$BL$49,4),$BL$46:$BL$49,0),5)} -> 0 | AI24: {=INDEX($AZ$46:$BL$49,MATCH(LARGE($BL$46:$BL$49,4),$BL$46:$BL$49,0),6)} -> 0 | AJ24: {=INDEX($AZ$46:$BL$49,MATCH(LARGE($BL$46:$BL$49,4),$BL$46:$BL$49,0),7)} -> 0 | AK24: {=INDEX($AZ$46:$BL$49,MATCH(LARGE($BL$46:$BL$49,4),$BL$46:$BL$49,0),8)} -> 0 | AL24: {=INDEX($AZ$46:$BL$49,MATCH(LARGE($BL$46:$BL$49,4),$BL$46:$BL$49,0),9)} -> 0 | AM24: {=INDEX($AZ$46:$BL$49,MATCH(LARGE($BL$46:$BL$49,4),$BL$46:$BL$49,0),10)} -> 0 | AN24: {=INDEX($AZ$46:$BL$49,MATCH(LARGE($BL$46:$BL$49,4),$BL$46:$BL$49,0),11)} -> 0 | AO24: {=INDEX($AZ$46:$BL$49,MATCH(LARGE($BL$46:$BL$49,4),$BL$46:$BL$49,0),12)} -> 0 | AZ24: Australia | BA24: 🇦🇺 | BB24: =SUMPRODUCT(('DU DOAN'!$B$4:$B$107="Vòng bảng")*('DU DOAN'!$D$4:$D$107="D")*ISNUMBER('DU DOAN'!$K$4:$K$107)*ISNUMBER('DU DOAN'!$L$4:$L$107)*(('DU DOAN'!$H$4:$H$107="Australia")+('DU DOAN'!$I$4:$I$107="Australia"))) -> 0 | BC24: =SUMPRODUCT(('DU DOAN'!$B$4:$B$107="Vòng bảng")*('DU DOAN'!$D$4:$D$107="D")*ISNUMBER('DU DOAN'!$K$4:$K$107)*ISNUMBER('DU DOAN'!$L$4:$L$107)*(('DU DOAN'!$H$4:$H$107="Australia")*('DU DOAN'!$K$4:$K$107>'DU DOAN'!$L$4:$L$107)+('DU DOAN'!$I$4:$I$107="Australia")*('DU DOAN'!$L$4:$L$107>'DU DOAN'!$K$4:$K$107))) -> 0 | BD24: =SUMPRODUCT(('DU DOAN'!$B$4:$B$107="Vòng bảng")*('DU DOAN'!$D$4:$D$107="D")*ISNUMBER('DU DOAN'!$K$4:$K$107)*ISNUMBER('DU DOAN'!$L$4:$L$107)*(('DU DOAN'!$H$4:$H$107="Australia")*('DU DOAN'!$K$4:$K$107='DU DOAN'!$L$4:$L$107)+('DU DOAN'!$I$4:$I$107="Australia")*('DU DOAN'!$K$4:$K$107='DU DOAN'!$L$4:$L$107))) -> 0 | BE24: =SUMPRODUCT(('DU DOAN'!$B$4:$B$107="Vòng bảng")*('DU DOAN'!$D$4:$D$107="D")*ISNUMBER('DU DOAN'!$K$4:$K$107)*ISNUMBER('DU DOAN'!$L$4:$L$107)*(('DU DOAN'!$H$4:$H$107="Australia")*('DU DOAN'!$K$4:$K$107<'DU DOAN'!$L$4:$L$107)+('DU DOAN'!$I$4:$I$107="Australia")*('DU DOAN'!$L$4:$L$107<'DU DOAN'!$K$4:$K$107))) -> 0 | BF24: =SUMPRODUCT(('DU DOAN'!$B$4:$B$107="Vòng bảng")*('DU DOAN'!$D$4:$D$107="D")*ISNUMBER('DU DOAN'!$K$4:$K$107)*ISNUMBER('DU DOAN'!$L$4:$L$107)*(('DU DOAN'!$H$4:$H$107="Australia")*'DU DOAN'!$K$4:$K$107+('DU DOAN'!$I$4:$I$107="Australia")*'DU DOAN'!$L$4:$L$107)) -> 0 | BG24: =SUMPRODUCT(('DU DOAN'!$B$4:$B$107="Vòng bảng")*('DU DOAN'!$D$4:$D$107="D")*ISNUMBER('DU DOAN'!$K$4:$K$107)*ISNUMBER('DU DOAN'!$L$4:$L$107)*(('DU DOAN'!$H$4:$H$107="Australia")*'DU DOAN'!$L$4:$L$107+('DU DOAN'!$I$4:$I$107="Australia")*'DU DOAN'!$K$4:$K$107)) -> 0 | BH24: =BF24-BG24 -> 0 | BI24: =SUMPRODUCT(IFERROR((#REF!="Australia")*#REF!,0))+SUMPRODUCT(IFERROR((#REF!="Australia")*#REF!,0)) -> 0 | BJ24: =SUMPRODUCT(IFERROR((#REF!="Australia")*#REF!,0))+SUMPRODUCT(IFERROR((#REF!="Australia")*#REF!,0)) -> 0 | BK24: =3*BC24+BD24 -> 0 | BL24: =BK24*1000000+BH24*10000+BF24*100+1 -> 1
A26: BẢNG J | O26: BẢNG K | AC26: BẢNG L | AY26: E | AZ26: Germany | BA26: 🇩🇪 | BB26: =SUMPRODUCT(('DU DOAN'!$B$4:$B$107="Vòng bảng")*('DU DOAN'!$D$4:$D$107="E")*ISNUMBER('DU DOAN'!$K$4:$K$107)*ISNUMBER('DU DOAN'!$L$4:$L$107)*(('DU DOAN'!$H$4:$H$107="Germany")+('DU DOAN'!$I$4:$I$107="Germany"))) -> 0 | BC26: =SUMPRODUCT(('DU DOAN'!$B$4:$B$107="Vòng bảng")*('DU DOAN'!$D$4:$D$107="E")*ISNUMBER('DU DOAN'!$K$4:$K$107)*ISNUMBER('DU DOAN'!$L$4:$L$107)*(('DU DOAN'!$H$4:$H$107="Germany")*('DU DOAN'!$K$4:$K$107>'DU DOAN'!$L$4:$L$107)+('DU DOAN'!$I$4:$I$107="Germany")*('DU DOAN'!$L$4:$L$107>'DU DOAN'!$K$4:$K$107))) -> 0 | BD26: =SUMPRODUCT(('DU DOAN'!$B$4:$B$107="Vòng bảng")*('DU DOAN'!$D$4:$D$107="E")*ISNUMBER('DU DOAN'!$K$4:$K$107)*ISNUMBER('DU DOAN'!$L$4:$L$107)*(('DU DOAN'!$H$4:$H$107="Germany")*('DU DOAN'!$K$4:$K$107='DU DOAN'!$L$4:$L$107)+('DU DOAN'!$I$4:$I$107="Germany")*('DU DOAN'!$K$4:$K$107='DU DOAN'!$L$4:$L$107))) -> 0 | BE26: =SUMPRODUCT(('DU DOAN'!$B$4:$B$107="Vòng bảng")*('DU DOAN'!$D$4:$D$107="E")*ISNUMBER('DU DOAN'!$K$4:$K$107)*ISNUMBER('DU DOAN'!$L$4:$L$107)*(('DU DOAN'!$H$4:$H$107="Germany")*('DU DOAN'!$K$4:$K$107<'DU DOAN'!$L$4:$L$107)+('DU DOAN'!$I$4:$I$107="Germany")*('DU DOAN'!$L$4:$L$107<'DU DOAN'!$K$4:$K$107))) -> 0 | BF26: =SUMPRODUCT(('DU DOAN'!$B$4:$B$107="Vòng bảng")*('DU DOAN'!$D$4:$D$107="E")*ISNUMBER('DU DOAN'!$K$4:$K$107)*ISNUMBER('DU DOAN'!$L$4:$L$107)*(('DU DOAN'!$H$4:$H$107="Germany")*'DU DOAN'!$K$4:$K$107+('DU DOAN'!$I$4:$I$107="Germany")*'DU DOAN'!$L$4:$L$107)) -> 0 | BG26: =SUMPRODUCT(('DU DOAN'!$B$4:$B$107="Vòng bảng")*('DU DOAN'!$D$4:$D$107="E")*ISNUMBER('DU DOAN'!$K$4:$K$107)*ISNUMBER('DU DOAN'!$L$4:$L$107)*(('DU DOAN'!$H$4:$H$107="Germany")*'DU DOAN'!$L$4:$L$107+('DU DOAN'!$I$4:$I$107="Germany")*'DU DOAN'!$K$4:$K$107)) -> 0 | BH26: =BF26-BG26 -> 0 | BI26: =SUMPRODUCT(IFERROR((#REF!="Germany")*#REF!,0))+SUMPRODUCT(IFERROR((#REF!="Germany")*#REF!,0)) -> 0 | BJ26: =SUMPRODUCT(IFERROR((#REF!="Germany")*#REF!,0))+SUMPRODUCT(IFERROR((#REF!="Germany")*#REF!,0)) -> 0 | BK26: =3*BC26+BD26 -> 0 | BL26: =BK26*1000000+BH26*10000+BF26*100+4 -> 4
A27: # | B27: 🏴 | C27: Đội tuyển | D27: Đá | E27: T | F27: H | G27: B | H27: GF | I27: GA | J27: GD | K27: 🟨 | L27: 🟥 | M27: Pts | O27: # | P27: 🏴 | Q27: Đội tuyển | R27: Đá | S27: T | T27: H | U27: B | V27: GF | W27: GA | X27: GD | Y27: 🟨 | Z27: 🟥 | AA27: Pts | AC27: # | AD27: 🏴 | AE27: Đội tuyển | AF27: Đá | AG27: T | AH27: H | AI27: B | AJ27: GF | AK27: GA | AL27: GD | AM27: 🟨 | AN27: 🟥 | AO27: Pts | AZ27: Côte d'Ivoire | BA27: 🇨🇮 | BB27: =SUMPRODUCT(('DU DOAN'!$B$4:$B$107="Vòng bảng")*('DU DOAN'!$D$4:$D$107="E")*ISNUMBER('DU DOAN'!$K$4:$K$107)*ISNUMBER('DU DOAN'!$L$4:$L$107)*(('DU DOAN'!$H$4:$H$107="Côte d'Ivoire")+('DU DOAN'!$I$4:$I$107="Côte d'Ivoire"))) -> 0 | BC27: =SUMPRODUCT(('DU DOAN'!$B$4:$B$107="Vòng bảng")*('DU DOAN'!$D$4:$D$107="E")*ISNUMBER('DU DOAN'!$K$4:$K$107)*ISNUMBER('DU DOAN'!$L$4:$L$107)*(('DU DOAN'!$H$4:$H$107="Côte d'Ivoire")*('DU DOAN'!$K$4:$K$107>'DU DOAN'!$L$4:$L$107)+('DU DOAN'!$I$4:$I$107="Côte d'Ivoire")*('DU DOAN'!$L$4:$L$107>'DU DOAN'!$K$4:$K$107))) -> 0 | BD27: =SUMPRODUCT(('DU DOAN'!$B$4:$B$107="Vòng bảng")*('DU DOAN'!$D$4:$D$107="E")*ISNUMBER('DU DOAN'!$K$4:$K$107)*ISNUMBER('DU DOAN'!$L$4:$L$107)*(('DU DOAN'!$H$4:$H$107="Côte d'Ivoire")*('DU DOAN'!$K$4:$K$107='DU DOAN'!$L$4:$L$107)+('DU DOAN'!$I$4:$I$107="Côte d'Ivoire")*('DU DOAN'!$K$4:$K$107='DU DOAN'!$L$4:$L$107))) -> 0 | BE27: =SUMPRODUCT(('DU DOAN'!$B$4:$B$107="Vòng bảng")*('DU DOAN'!$D$4:$D$107="E")*ISNUMBER('DU DOAN'!$K$4:$K$107)*ISNUMBER('DU DOAN'!$L$4:$L$107)*(('DU DOAN'!$H$4:$H$107="Côte d'Ivoire")*('DU DOAN'!$K$4:$K$107<'DU DOAN'!$L$4:$L$107)+('DU DOAN'!$I$4:$I$107="Côte d'Ivoire")*('DU DOAN'!$L$4:$L$107<'DU DOAN'!$K$4:$K$107))) -> 0 | BF27: =SUMPRODUCT(('DU DOAN'!$B$4:$B$107="Vòng bảng")*('DU DOAN'!$D$4:$D$107="E")*ISNUMBER('DU DOAN'!$K$4:$K$107)*ISNUMBER('DU DOAN'!$L$4:$L$107)*(('DU DOAN'!$H$4:$H$107="Côte d'Ivoire")*'DU DOAN'!$K$4:$K$107+('DU DOAN'!$I$4:$I$107="Côte d'Ivoire")*'DU DOAN'!$L$4:$L$107)) -> 0 | BG27: =SUMPRODUCT(('DU DOAN'!$B$4:$B$107="Vòng bảng")*('DU DOAN'!$D$4:$D$107="E")*ISNUMBER('DU DOAN'!$K$4:$K$107)*ISNUMBER('DU DOAN'!$L$4:$L$107)*(('DU DOAN'!$H$4:$H$107="Côte d'Ivoire")*'DU DOAN'!$L$4:$L$107+('DU DOAN'!$I$4:$I$107="Côte d'Ivoire")*'DU DOAN'!$K$4:$K$107)) -> 0 | BH27: =BF27-BG27 -> 0 | BI27: =SUMPRODUCT(IFERROR((#REF!="Côte d'Ivoire")*#REF!,0))+SUMPRODUCT(IFERROR((#REF!="Côte d'Ivoire")*#REF!,0)) -> 0 | BJ27: =SUMPRODUCT(IFERROR((#REF!="Côte d'Ivoire")*#REF!,0))+SUMPRODUCT(IFERROR((#REF!="Côte d'Ivoire")*#REF!,0)) -> 0 | BK27: =3*BC27+BD27 -> 0 | BL27: =BK27*1000000+BH27*10000+BF27*100+3 -> 3
A28: 1 | B28: {=INDEX($BA$51:$BA$54,MATCH(LARGE($BL$51:$BL$54,1),$BL$51:$BL$54,0))} -> 🇦🇷 | C28: {=INDEX($AZ$51:$AZ$54,MATCH(LARGE($BL$51:$BL$54,1),$BL$51:$BL$54,0))} -> Argentina | D28: {=INDEX($AZ$51:$BL$54,MATCH(LARGE($BL$51:$BL$54,1),$BL$51:$BL$54,0),3)} -> 0 | E28: {=INDEX($AZ$51:$BL$54,MATCH(LARGE($BL$51:$BL$54,1),$BL$51:$BL$54,0),4)} -> 0 | F28: {=INDEX($AZ$51:$BL$54,MATCH(LARGE($BL$51:$BL$54,1),$BL$51:$BL$54,0),5)} -> 0 | G28: {=INDEX($AZ$51:$BL$54,MATCH(LARGE($BL$51:$BL$54,1),$BL$51:$BL$54,0),6)} -> 0 | H28: {=INDEX($AZ$51:$BL$54,MATCH(LARGE($BL$51:$BL$54,1),$BL$51:$BL$54,0),7)} -> 0 | I28: {=INDEX($AZ$51:$BL$54,MATCH(LARGE($BL$51:$BL$54,1),$BL$51:$BL$54,0),8)} -> 0 | J28: {=INDEX($AZ$51:$BL$54,MATCH(LARGE($BL$51:$BL$54,1),$BL$51:$BL$54,0),9)} -> 0 | K28: {=INDEX($AZ$51:$BL$54,MATCH(LARGE($BL$51:$BL$54,1),$BL$51:$BL$54,0),10)} -> 0 | L28: {=INDEX($AZ$51:$BL$54,MATCH(LARGE($BL$51:$BL$54,1),$BL$51:$BL$54,0),11)} -> 0 | M28: {=INDEX($AZ$51:$BL$54,MATCH(LARGE($BL$51:$BL$54,1),$BL$51:$BL$54,0),12)} -> 0 | O28: 1 | P28: {=INDEX($BA$56:$BA$59,MATCH(LARGE($BL$56:$BL$59,1),$BL$56:$BL$59,0))} -> 🇵🇹 | Q28: {=INDEX($AZ$56:$AZ$59,MATCH(LARGE($BL$56:$BL$59,1),$BL$56:$BL$59,0))} -> Portugal | R28: {=INDEX($AZ$56:$BL$59,MATCH(LARGE($BL$56:$BL$59,1),$BL$56:$BL$59,0),3)} -> 0 | S28: {=INDEX($AZ$56:$BL$59,MATCH(LARGE($BL$56:$BL$59,1),$BL$56:$BL$59,0),4)} -> 0 | T28: {=INDEX($AZ$56:$BL$59,MATCH(LARGE($BL$56:$BL$59,1),$BL$56:$BL$59,0),5)} -> 0 | U28: {=INDEX($AZ$56:$BL$59,MATCH(LARGE($BL$56:$BL$59,1),$BL$56:$BL$59,0),6)} -> 0 | V28: {=INDEX($AZ$56:$BL$59,MATCH(LARGE($BL$56:$BL$59,1),$BL$56:$BL$59,0),7)} -> 0 | W28: {=INDEX($AZ$56:$BL$59,MATCH(LARGE($BL$56:$BL$59,1),$BL$56:$BL$59,0),8)} -> 0 | X28: {=INDEX($AZ$56:$BL$59,MATCH(LARGE($BL$56:$BL$59,1),$BL$56:$BL$59,0),9)} -> 0 | Y28: {=INDEX($AZ$56:$BL$59,MATCH(LARGE($BL$56:$BL$59,1),$BL$56:$BL$59,0),10)} -> 0 | Z28: {=INDEX($AZ$56:$BL$59,MATCH(LARGE($BL$56:$BL$59,1),$BL$56:$BL$59,0),11)} -> 0 | AA28: {=INDEX($AZ$56:$BL$59,MATCH(LARGE($BL$56:$BL$59,1),$BL$56:$BL$59,0),12)} -> 0 | AC28: 1 | AD28: {=INDEX($BA$61:$BA$64,MATCH(LARGE($BL$61:$BL$64,1),$BL$61:$BL$64,0))} -> 🏴󠁧󠁢󠁥󠁮󠁧󠁿 | AE28: {=INDEX($AZ$61:$AZ$64,MATCH(LARGE($BL$61:$BL$64,1),$BL$61:$BL$64,0))} -> England | AF28: {=INDEX($AZ$61:$BL$64,MATCH(LARGE($BL$61:$BL$64,1),$BL$61:$BL$64,0),3)} -> 0 | AG28: {=INDEX($AZ$61:$BL$64,MATCH(LARGE($BL$61:$BL$64,1),$BL$61:$BL$64,0),4)} -> 0 | AH28: {=INDEX($AZ$61:$BL$64,MATCH(LARGE($BL$61:$BL$64,1),$BL$61:$BL$64,0),5)} -> 0 | AI28: {=INDEX($AZ$61:$BL$64,MATCH(LARGE($BL$61:$BL$64,1),$BL$61:$BL$64,0),6)} -> 0 | AJ28: {=INDEX($AZ$61:$BL$64,MATCH(LARGE($BL$61:$BL$64,1),$BL$61:$BL$64,0),7)} -> 0 | AK28: {=INDEX($AZ$61:$BL$64,MATCH(LARGE($BL$61:$BL$64,1),$BL$61:$BL$64,0),8)} -> 0 | AL28: {=INDEX($AZ$61:$BL$64,MATCH(LARGE($BL$61:$BL$64,1),$BL$61:$BL$64,0),9)} -> 0 | AM28: {=INDEX($AZ$61:$BL$64,MATCH(LARGE($BL$61:$BL$64,1),$BL$61:$BL$64,0),10)} -> 0 | AN28: {=INDEX($AZ$61:$BL$64,MATCH(LARGE($BL$61:$BL$64,1),$BL$61:$BL$64,0),11)} -> 0 | AO28: {=INDEX($AZ$61:$BL$64,MATCH(LARGE($BL$61:$BL$64,1),$BL$61:$BL$64,0),12)} -> 0 | AZ28: Ecuador | BA28: 🇪🇨 | BB28: =SUMPRODUCT(('DU DOAN'!$B$4:$B$107="Vòng bảng")*('DU DOAN'!$D$4:$D$107="E")*ISNUMBER('DU DOAN'!$K$4:$K$107)*ISNUMBER('DU DOAN'!$L$4:$L$107)*(('DU DOAN'!$H$4:$H$107="Ecuador")+('DU DOAN'!$I$4:$I$107="Ecuador"))) -> 0 | BC28: =SUMPRODUCT(('DU DOAN'!$B$4:$B$107="Vòng bảng")*('DU DOAN'!$D$4:$D$107="E")*ISNUMBER('DU DOAN'!$K$4:$K$107)*ISNUMBER('DU DOAN'!$L$4:$L$107)*(('DU DOAN'!$H$4:$H$107="Ecuador")*('DU DOAN'!$K$4:$K$107>'DU DOAN'!$L$4:$L$107)+('DU DOAN'!$I$4:$I$107="Ecuador")*('DU DOAN'!$L$4:$L$107>'DU DOAN'!$K$4:$K$107))) -> 0 | BD28: =SUMPRODUCT(('DU DOAN'!$B$4:$B$107="Vòng bảng")*('DU DOAN'!$D$4:$D$107="E")*ISNUMBER('DU DOAN'!$K$4:$K$107)*ISNUMBER('DU DOAN'!$L$4:$L$107)*(('DU DOAN'!$H$4:$H$107="Ecuador")*('DU DOAN'!$K$4:$K$107='DU DOAN'!$L$4:$L$107)+('DU DOAN'!$I$4:$I$107="Ecuador")*('DU DOAN'!$K$4:$K$107='DU DOAN'!$L$4:$L$107))) -> 0 | BE28: =SUMPRODUCT(('DU DOAN'!$B$4:$B$107="Vòng bảng")*('DU DOAN'!$D$4:$D$107="E")*ISNUMBER('DU DOAN'!$K$4:$K$107)*ISNUMBER('DU DOAN'!$L$4:$L$107)*(('DU DOAN'!$H$4:$H$107="Ecuador")*('DU DOAN'!$K$4:$K$107<'DU DOAN'!$L$4:$L$107)+('DU DOAN'!$I$4:$I$107="Ecuador")*('DU DOAN'!$L$4:$L$107<'DU DOAN'!$K$4:$K$107))) -> 0 | BF28: =SUMPRODUCT(('DU DOAN'!$B$4:$B$107="Vòng bảng")*('DU DOAN'!$D$4:$D$107="E")*ISNUMBER('DU DOAN'!$K$4:$K$107)*ISNUMBER('DU DOAN'!$L$4:$L$107)*(('DU DOAN'!$H$4:$H$107="Ecuador")*'DU DOAN'!$K$4:$K$107+('DU DOAN'!$I$4:$I$107="Ecuador")*'DU DOAN'!$L$4:$L$107)) -> 0 | BG28: =SUMPRODUCT(('DU DOAN'!$B$4:$B$107="Vòng bảng")*('DU DOAN'!$D$4:$D$107="E")*ISNUMBER('DU DOAN'!$K$4:$K$107)*ISNUMBER('DU DOAN'!$L$4:$L$107)*(('DU DOAN'!$H$4:$H$107="Ecuador")*'DU DOAN'!$L$4:$L$107+('DU DOAN'!$I$4:$I$107="Ecuador")*'DU DOAN'!$K$4:$K$107)) -> 0 | BH28: =BF28-BG28 -> 0 | BI28: =SUMPRODUCT(IFERROR((#REF!="Ecuador")*#REF!,0))+SUMPRODUCT(IFERROR((#REF!="Ecuador")*#REF!,0)) -> 0 | BJ28: =SUMPRODUCT(IFERROR((#REF!="Ecuador")*#REF!,0))+SUMPRODUCT(IFERROR((#REF!="Ecuador")*#REF!,0)) -> 0 | BK28: =3*BC28+BD28 -> 0 | BL28: =BK28*1000000+BH28*10000+BF28*100+2 -> 2
A29: 2 | B29: {=INDEX($BA$51:$BA$54,MATCH(LARGE($BL$51:$BL$54,2),$BL$51:$BL$54,0))} -> 🇦🇹 | C29: {=INDEX($AZ$51:$AZ$54,MATCH(LARGE($BL$51:$BL$54,2),$BL$51:$BL$54,0))} -> Austria | D29: {=INDEX($AZ$51:$BL$54,MATCH(LARGE($BL$51:$BL$54,2),$BL$51:$BL$54,0),3)} -> 0 | E29: {=INDEX($AZ$51:$BL$54,MATCH(LARGE($BL$51:$BL$54,2),$BL$51:$BL$54,0),4)} -> 0 | F29: {=INDEX($AZ$51:$BL$54,MATCH(LARGE($BL$51:$BL$54,2),$BL$51:$BL$54,0),5)} -> 0 | G29: {=INDEX($AZ$51:$BL$54,MATCH(LARGE($BL$51:$BL$54,2),$BL$51:$BL$54,0),6)} -> 0 | H29: {=INDEX($AZ$51:$BL$54,MATCH(LARGE($BL$51:$BL$54,2),$BL$51:$BL$54,0),7)} -> 0 | I29: {=INDEX($AZ$51:$BL$54,MATCH(LARGE($BL$51:$BL$54,2),$BL$51:$BL$54,0),8)} -> 0 | J29: {=INDEX($AZ$51:$BL$54,MATCH(LARGE($BL$51:$BL$54,2),$BL$51:$BL$54,0),9)} -> 0 | K29: {=INDEX($AZ$51:$BL$54,MATCH(LARGE($BL$51:$BL$54,2),$BL$51:$BL$54,0),10)} -> 0 | L29: {=INDEX($AZ$51:$BL$54,MATCH(LARGE($BL$51:$BL$54,2),$BL$51:$BL$54,0),11)} -> 0 | M29: {=INDEX($AZ$51:$BL$54,MATCH(LARGE($BL$51:$BL$54,2),$BL$51:$BL$54,0),12)} -> 0 | O29: 2 | P29: {=INDEX($BA$56:$BA$59,MATCH(LARGE($BL$56:$BL$59,2),$BL$56:$BL$59,0))} -> 🇨🇴 | Q29: {=INDEX($AZ$56:$AZ$59,MATCH(LARGE($BL$56:$BL$59,2),$BL$56:$BL$59,0))} -> Colombia | R29: {=INDEX($AZ$56:$BL$59,MATCH(LARGE($BL$56:$BL$59,2),$BL$56:$BL$59,0),3)} -> 0 | S29: {=INDEX($AZ$56:$BL$59,MATCH(LARGE($BL$56:$BL$59,2),$BL$56:$BL$59,0),4)} -> 0 | T29: {=INDEX($AZ$56:$BL$59,MATCH(LARGE($BL$56:$BL$59,2),$BL$56:$BL$59,0),5)} -> 0 | U29: {=INDEX($AZ$56:$BL$59,MATCH(LARGE($BL$56:$BL$59,2),$BL$56:$BL$59,0),6)} -> 0 | V29: {=INDEX($AZ$56:$BL$59,MATCH(LARGE($BL$56:$BL$59,2),$BL$56:$BL$59,0),7)} -> 0 | W29: {=INDEX($AZ$56:$BL$59,MATCH(LARGE($BL$56:$BL$59,2),$BL$56:$BL$59,0),8)} -> 0 | X29: {=INDEX($AZ$56:$BL$59,MATCH(LARGE($BL$56:$BL$59,2),$BL$56:$BL$59,0),9)} -> 0 | Y29: {=INDEX($AZ$56:$BL$59,MATCH(LARGE($BL$56:$BL$59,2),$BL$56:$BL$59,0),10)} -> 0 | Z29: {=INDEX($AZ$56:$BL$59,MATCH(LARGE($BL$56:$BL$59,2),$BL$56:$BL$59,0),11)} -> 0 | AA29: {=INDEX($AZ$56:$BL$59,MATCH(LARGE($BL$56:$BL$59,2),$BL$56:$BL$59,0),12)} -> 0 | AC29: 2 | AD29: {=INDEX($BA$61:$BA$64,MATCH(LARGE($BL$61:$BL$64,2),$BL$61:$BL$64,0))} -> 🇭🇷 | AE29: {=INDEX($AZ$61:$AZ$64,MATCH(LARGE($BL$61:$BL$64,2),$BL$61:$BL$64,0))} -> Croatia | AF29: {=INDEX($AZ$61:$BL$64,MATCH(LARGE($BL$61:$BL$64,2),$BL$61:$BL$64,0),3)} -> 0 | AG29: {=INDEX($AZ$61:$BL$64,MATCH(LARGE($BL$61:$BL$64,2),$BL$61:$BL$64,0),4)} -> 0 | AH29: {=INDEX($AZ$61:$BL$64,MATCH(LARGE($BL$61:$BL$64,2),$BL$61:$BL$64,0),5)} -> 0 | AI29: {=INDEX($AZ$61:$BL$64,MATCH(LARGE($BL$61:$BL$64,2),$BL$61:$BL$64,0),6)} -> 0 | AJ29: {=INDEX($AZ$61:$BL$64,MATCH(LARGE($BL$61:$BL$64,2),$BL$61:$BL$64,0),7)} -> 0 | AK29: {=INDEX($AZ$61:$BL$64,MATCH(LARGE($BL$61:$BL$64,2),$BL$61:$BL$64,0),8)} -> 0 | AL29: {=INDEX($AZ$61:$BL$64,MATCH(LARGE($BL$61:$BL$64,2),$BL$61:$BL$64,0),9)} -> 0 | AM29: {=INDEX($AZ$61:$BL$64,MATCH(LARGE($BL$61:$BL$64,2),$BL$61:$BL$64,0),10)} -> 0 | AN29: {=INDEX($AZ$61:$BL$64,MATCH(LARGE($BL$61:$BL$64,2),$BL$61:$BL$64,0),11)} -> 0 | AO29: {=INDEX($AZ$61:$BL$64,MATCH(LARGE($BL$61:$BL$64,2),$BL$61:$BL$64,0),12)} -> 0 | AZ29: Curaçao | BA29: 🇨🇼 | BB29: =SUMPRODUCT(('DU DOAN'!$B$4:$B$107="Vòng bảng")*('DU DOAN'!$D$4:$D$107="E")*ISNUMBER('DU DOAN'!$K$4:$K$107)*ISNUMBER('DU DOAN'!$L$4:$L$107)*(('DU DOAN'!$H$4:$H$107="Curaçao")+('DU DOAN'!$I$4:$I$107="Curaçao"))) -> 0 | BC29: =SUMPRODUCT(('DU DOAN'!$B$4:$B$107="Vòng bảng")*('DU DOAN'!$D$4:$D$107="E")*ISNUMBER('DU DOAN'!$K$4:$K$107)*ISNUMBER('DU DOAN'!$L$4:$L$107)*(('DU DOAN'!$H$4:$H$107="Curaçao")*('DU DOAN'!$K$4:$K$107>'DU DOAN'!$L$4:$L$107)+('DU DOAN'!$I$4:$I$107="Curaçao")*('DU DOAN'!$L$4:$L$107>'DU DOAN'!$K$4:$K$107))) -> 0 | BD29: =SUMPRODUCT(('DU DOAN'!$B$4:$B$107="Vòng bảng")*('DU DOAN'!$D$4:$D$107="E")*ISNUMBER('DU DOAN'!$K$4:$K$107)*ISNUMBER('DU DOAN'!$L$4:$L$107)*(('DU DOAN'!$H$4:$H$107="Curaçao")*('DU DOAN'!$K$4:$K$107='DU DOAN'!$L$4:$L$107)+('DU DOAN'!$I$4:$I$107="Curaçao")*('DU DOAN'!$K$4:$K$107='DU DOAN'!$L$4:$L$107))) -> 0 | BE29: =SUMPRODUCT(('DU DOAN'!$B$4:$B$107="Vòng bảng")*('DU DOAN'!$D$4:$D$107="E")*ISNUMBER('DU DOAN'!$K$4:$K$107)*ISNUMBER('DU DOAN'!$L$4:$L$107)*(('DU DOAN'!$H$4:$H$107="Curaçao")*('DU DOAN'!$K$4:$K$107<'DU DOAN'!$L$4:$L$107)+('DU DOAN'!$I$4:$I$107="Curaçao")*('DU DOAN'!$L$4:$L$107<'DU DOAN'!$K$4:$K$107))) -> 0 | BF29: =SUMPRODUCT(('DU DOAN'!$B$4:$B$107="Vòng bảng")*('DU DOAN'!$D$4:$D$107="E")*ISNUMBER('DU DOAN'!$K$4:$K$107)*ISNUMBER('DU DOAN'!$L$4:$L$107)*(('DU DOAN'!$H$4:$H$107="Curaçao")*'DU DOAN'!$K$4:$K$107+('DU DOAN'!$I$4:$I$107="Curaçao")*'DU DOAN'!$L$4:$L$107)) -> 0 | BG29: =SUMPRODUCT(('DU DOAN'!$B$4:$B$107="Vòng bảng")*('DU DOAN'!$D$4:$D$107="E")*ISNUMBER('DU DOAN'!$K$4:$K$107)*ISNUMBER('DU DOAN'!$L$4:$L$107)*(('DU DOAN'!$H$4:$H$107="Curaçao")*'DU DOAN'!$L$4:$L$107+('DU DOAN'!$I$4:$I$107="Curaçao")*'DU DOAN'!$K$4:$K$107)) -> 0 | BH29: =BF29-BG29 -> 0 | BI29: =SUMPRODUCT(IFERROR((#REF!="Curaçao")*#REF!,0))+SUMPRODUCT(IFERROR((#REF!="Curaçao")*#REF!,0)) -> 0 | BJ29: =SUMPRODUCT(IFERROR((#REF!="Curaçao")*#REF!,0))+SUMPRODUCT(IFERROR((#REF!="Curaçao")*#REF!,0)) -> 0 | BK29: =3*BC29+BD29 -> 0 | BL29: =BK29*1000000+BH29*10000+BF29*100+1 -> 1
A30: 3 | B30: {=INDEX($BA$51:$BA$54,MATCH(LARGE($BL$51:$BL$54,3),$BL$51:$BL$54,0))} -> 🇩🇿 | C30: {=INDEX($AZ$51:$AZ$54,MATCH(LARGE($BL$51:$BL$54,3),$BL$51:$BL$54,0))} -> Algeria | D30: {=INDEX($AZ$51:$BL$54,MATCH(LARGE($BL$51:$BL$54,3),$BL$51:$BL$54,0),3)} -> 0 | E30: {=INDEX($AZ$51:$BL$54,MATCH(LARGE($BL$51:$BL$54,3),$BL$51:$BL$54,0),4)} -> 0 | F30: {=INDEX($AZ$51:$BL$54,MATCH(LARGE($BL$51:$BL$54,3),$BL$51:$BL$54,0),5)} -> 0 | G30: {=INDEX($AZ$51:$BL$54,MATCH(LARGE($BL$51:$BL$54,3),$BL$51:$BL$54,0),6)} -> 0 | H30: {=INDEX($AZ$51:$BL$54,MATCH(LARGE($BL$51:$BL$54,3),$BL$51:$BL$54,0),7)} -> 0 | I30: {=INDEX($AZ$51:$BL$54,MATCH(LARGE($BL$51:$BL$54,3),$BL$51:$BL$54,0),8)} -> 0 | J30: {=INDEX($AZ$51:$BL$54,MATCH(LARGE($BL$51:$BL$54,3),$BL$51:$BL$54,0),9)} -> 0 | K30: {=INDEX($AZ$51:$BL$54,MATCH(LARGE($BL$51:$BL$54,3),$BL$51:$BL$54,0),10)} -> 0 | L30: {=INDEX($AZ$51:$BL$54,MATCH(LARGE($BL$51:$BL$54,3),$BL$51:$BL$54,0),11)} -> 0 | M30: {=INDEX($AZ$51:$BL$54,MATCH(LARGE($BL$51:$BL$54,3),$BL$51:$BL$54,0),12)} -> 0 | O30: 3 | P30: {=INDEX($BA$56:$BA$59,MATCH(LARGE($BL$56:$BL$59,3),$BL$56:$BL$59,0))} -> 🇺🇿 | Q30: {=INDEX($AZ$56:$AZ$59,MATCH(LARGE($BL$56:$BL$59,3),$BL$56:$BL$59,0))} -> Uzbekistan | R30: {=INDEX($AZ$56:$BL$59,MATCH(LARGE($BL$56:$BL$59,3),$BL$56:$BL$59,0),3)} -> 0 | S30: {=INDEX($AZ$56:$BL$59,MATCH(LARGE($BL$56:$BL$59,3),$BL$56:$BL$59,0),4)} -> 0 | T30: {=INDEX($AZ$56:$BL$59,MATCH(LARGE($BL$56:$BL$59,3),$BL$56:$BL$59,0),5)} -> 0 | U30: {=INDEX($AZ$56:$BL$59,MATCH(LARGE($BL$56:$BL$59,3),$BL$56:$BL$59,0),6)} -> 0 | V30: {=INDEX($AZ$56:$BL$59,MATCH(LARGE($BL$56:$BL$59,3),$BL$56:$BL$59,0),7)} -> 0 | W30: {=INDEX($AZ$56:$BL$59,MATCH(LARGE($BL$56:$BL$59,3),$BL$56:$BL$59,0),8)} -> 0 | X30: {=INDEX($AZ$56:$BL$59,MATCH(LARGE($BL$56:$BL$59,3),$BL$56:$BL$59,0),9)} -> 0 | Y30: {=INDEX($AZ$56:$BL$59,MATCH(LARGE($BL$56:$BL$59,3),$BL$56:$BL$59,0),10)} -> 0 | Z30: {=INDEX($AZ$56:$BL$59,MATCH(LARGE($BL$56:$BL$59,3),$BL$56:$BL$59,0),11)} -> 0 | AA30: {=INDEX($AZ$56:$BL$59,MATCH(LARGE($BL$56:$BL$59,3),$BL$56:$BL$59,0),12)} -> 0 | AC30: 3 | AD30: {=INDEX($BA$61:$BA$64,MATCH(LARGE($BL$61:$BL$64,3),$BL$61:$BL$64,0))} -> 🇬🇭 | AE30: {=INDEX($AZ$61:$AZ$64,MATCH(LARGE($BL$61:$BL$64,3),$BL$61:$BL$64,0))} -> Ghana | AF30: {=INDEX($AZ$61:$BL$64,MATCH(LARGE($BL$61:$BL$64,3),$BL$61:$BL$64,0),3)} -> 0 | AG30: {=INDEX($AZ$61:$BL$64,MATCH(LARGE($BL$61:$BL$64,3),$BL$61:$BL$64,0),4)} -> 0 | AH30: {=INDEX($AZ$61:$BL$64,MATCH(LARGE($BL$61:$BL$64,3),$BL$61:$BL$64,0),5)} -> 0 | AI30: {=INDEX($AZ$61:$BL$64,MATCH(LARGE($BL$61:$BL$64,3),$BL$61:$BL$64,0),6)} -> 0 | AJ30: {=INDEX($AZ$61:$BL$64,MATCH(LARGE($BL$61:$BL$64,3),$BL$61:$BL$64,0),7)} -> 0 | AK30: {=INDEX($AZ$61:$BL$64,MATCH(LARGE($BL$61:$BL$64,3),$BL$61:$BL$64,0),8)} -> 0 | AL30: {=INDEX($AZ$61:$BL$64,MATCH(LARGE($BL$61:$BL$64,3),$BL$61:$BL$64,0),9)} -> 0 | AM30: {=INDEX($AZ$61:$BL$64,MATCH(LARGE($BL$61:$BL$64,3),$BL$61:$BL$64,0),10)} -> 0 | AN30: {=INDEX($AZ$61:$BL$64,MATCH(LARGE($BL$61:$BL$64,3),$BL$61:$BL$64,0),11)} -> 0 | AO30: {=INDEX($AZ$61:$BL$64,MATCH(LARGE($BL$61:$BL$64,3),$BL$61:$BL$64,0),12)} -> 0
A31: 4 | B31: {=INDEX($BA$51:$BA$54,MATCH(LARGE($BL$51:$BL$54,4),$BL$51:$BL$54,0))} -> 🇯🇴 | C31: {=INDEX($AZ$51:$AZ$54,MATCH(LARGE($BL$51:$BL$54,4),$BL$51:$BL$54,0))} -> Jordan | D31: {=INDEX($AZ$51:$BL$54,MATCH(LARGE($BL$51:$BL$54,4),$BL$51:$BL$54,0),3)} -> 0 | E31: {=INDEX($AZ$51:$BL$54,MATCH(LARGE($BL$51:$BL$54,4),$BL$51:$BL$54,0),4)} -> 0 | F31: {=INDEX($AZ$51:$BL$54,MATCH(LARGE($BL$51:$BL$54,4),$BL$51:$BL$54,0),5)} -> 0 | G31: {=INDEX($AZ$51:$BL$54,MATCH(LARGE($BL$51:$BL$54,4),$BL$51:$BL$54,0),6)} -> 0 | H31: {=INDEX($AZ$51:$BL$54,MATCH(LARGE($BL$51:$BL$54,4),$BL$51:$BL$54,0),7)} -> 0 | I31: {=INDEX($AZ$51:$BL$54,MATCH(LARGE($BL$51:$BL$54,4),$BL$51:$BL$54,0),8)} -> 0 | J31: {=INDEX($AZ$51:$BL$54,MATCH(LARGE($BL$51:$BL$54,4),$BL$51:$BL$54,0),9)} -> 0 | K31: {=INDEX($AZ$51:$BL$54,MATCH(LARGE($BL$51:$BL$54,4),$BL$51:$BL$54,0),10)} -> 0 | L31: {=INDEX($AZ$51:$BL$54,MATCH(LARGE($BL$51:$BL$54,4),$BL$51:$BL$54,0),11)} -> 0 | M31: {=INDEX($AZ$51:$BL$54,MATCH(LARGE($BL$51:$BL$54,4),$BL$51:$BL$54,0),12)} -> 0 | O31: 4 | P31: {=INDEX($BA$56:$BA$59,MATCH(LARGE($BL$56:$BL$59,4),$BL$56:$BL$59,0))} -> 🇨🇩 | Q31: {=INDEX($AZ$56:$AZ$59,MATCH(LARGE($BL$56:$BL$59,4),$BL$56:$BL$59,0))} -> DR Congo | R31: {=INDEX($AZ$56:$BL$59,MATCH(LARGE($BL$56:$BL$59,4),$BL$56:$BL$59,0),3)} -> 0 | S31: {=INDEX($AZ$56:$BL$59,MATCH(LARGE($BL$56:$BL$59,4),$BL$56:$BL$59,0),4)} -> 0 | T31: {=INDEX($AZ$56:$BL$59,MATCH(LARGE($BL$56:$BL$59,4),$BL$56:$BL$59,0),5)} -> 0 | U31: {=INDEX($AZ$56:$BL$59,MATCH(LARGE($BL$56:$BL$59,4),$BL$56:$BL$59,0),6)} -> 0 | V31: {=INDEX($AZ$56:$BL$59,MATCH(LARGE($BL$56:$BL$59,4),$BL$56:$BL$59,0),7)} -> 0 | W31: {=INDEX($AZ$56:$BL$59,MATCH(LARGE($BL$56:$BL$59,4),$BL$56:$BL$59,0),8)} -> 0 | X31: {=INDEX($AZ$56:$BL$59,MATCH(LARGE($BL$56:$BL$59,4),$BL$56:$BL$59,0),9)} -> 0 | Y31: {=INDEX($AZ$56:$BL$59,MATCH(LARGE($BL$56:$BL$59,4),$BL$56:$BL$59,0),10)} -> 0 | Z31: {=INDEX($AZ$56:$BL$59,MATCH(LARGE($BL$56:$BL$59,4),$BL$56:$BL$59,0),11)} -> 0 | AA31: {=INDEX($AZ$56:$BL$59,MATCH(LARGE($BL$56:$BL$59,4),$BL$56:$BL$59,0),12)} -> 0 | AC31: 4 | AD31: {=INDEX($BA$61:$BA$64,MATCH(LARGE($BL$61:$BL$64,4),$BL$61:$BL$64,0))} -> 🇵🇦 | AE31: {=INDEX($AZ$61:$AZ$64,MATCH(LARGE($BL$61:$BL$64,4),$BL$61:$BL$64,0))} -> Panama | AF31: {=INDEX($AZ$61:$BL$64,MATCH(LARGE($BL$61:$BL$64,4),$BL$61:$BL$64,0),3)} -> 0 | AG31: {=INDEX($AZ$61:$BL$64,MATCH(LARGE($BL$61:$BL$64,4),$BL$61:$BL$64,0),4)} -> 0 | AH31: {=INDEX($AZ$61:$BL$64,MATCH(LARGE($BL$61:$BL$64,4),$BL$61:$BL$64,0),5)} -> 0 | AI31: {=INDEX($AZ$61:$BL$64,MATCH(LARGE($BL$61:$BL$64,4),$BL$61:$BL$64,0),6)} -> 0 | AJ31: {=INDEX($AZ$61:$BL$64,MATCH(LARGE($BL$61:$BL$64,4),$BL$61:$BL$64,0),7)} -> 0 | AK31: {=INDEX($AZ$61:$BL$64,MATCH(LARGE($BL$61:$BL$64,4),$BL$61:$BL$64,0),8)} -> 0 | AL31: {=INDEX($AZ$61:$BL$64,MATCH(LARGE($BL$61:$BL$64,4),$BL$61:$BL$64,0),9)} -> 0 | AM31: {=INDEX($AZ$61:$BL$64,MATCH(LARGE($BL$61:$BL$64,4),$BL$61:$BL$64,0),10)} -> 0 | AN31: {=INDEX($AZ$61:$BL$64,MATCH(LARGE($BL$61:$BL$64,4),$BL$61:$BL$64,0),11)} -> 0 | AO31: {=INDEX($AZ$61:$BL$64,MATCH(LARGE($BL$61:$BL$64,4),$BL$61:$BL$64,0),12)} -> 0 | AY31: F | AZ31: Netherlands | BA31: 🇳🇱 | BB31: =SUMPRODUCT(('DU DOAN'!$B$4:$B$107="Vòng bảng")*('DU DOAN'!$D$4:$D$107="F")*ISNUMBER('DU DOAN'!$K$4:$K$107)*ISNUMBER('DU DOAN'!$L$4:$L$107)*(('DU DOAN'!$H$4:$H$107="Netherlands")+('DU DOAN'!$I$4:$I$107="Netherlands"))) -> 0 | BC31: =SUMPRODUCT(('DU DOAN'!$B$4:$B$107="Vòng bảng")*('DU DOAN'!$D$4:$D$107="F")*ISNUMBER('DU DOAN'!$K$4:$K$107)*ISNUMBER('DU DOAN'!$L$4:$L$107)*(('DU DOAN'!$H$4:$H$107="Netherlands")*('DU DOAN'!$K$4:$K$107>'DU DOAN'!$L$4:$L$107)+('DU DOAN'!$I$4:$I$107="Netherlands")*('DU DOAN'!$L$4:$L$107>'DU DOAN'!$K$4:$K$107))) -> 0 | BD31: =SUMPRODUCT(('DU DOAN'!$B$4:$B$107="Vòng bảng")*('DU DOAN'!$D$4:$D$107="F")*ISNUMBER('DU DOAN'!$K$4:$K$107)*ISNUMBER('DU DOAN'!$L$4:$L$107)*(('DU DOAN'!$H$4:$H$107="Netherlands")*('DU DOAN'!$K$4:$K$107='DU DOAN'!$L$4:$L$107)+('DU DOAN'!$I$4:$I$107="Netherlands")*('DU DOAN'!$K$4:$K$107='DU DOAN'!$L$4:$L$107))) -> 0 | BE31: =SUMPRODUCT(('DU DOAN'!$B$4:$B$107="Vòng bảng")*('DU DOAN'!$D$4:$D$107="F")*ISNUMBER('DU DOAN'!$K$4:$K$107)*ISNUMBER('DU DOAN'!$L$4:$L$107)*(('DU DOAN'!$H$4:$H$107="Netherlands")*('DU DOAN'!$K$4:$K$107<'DU DOAN'!$L$4:$L$107)+('DU DOAN'!$I$4:$I$107="Netherlands")*('DU DOAN'!$L$4:$L$107<'DU DOAN'!$K$4:$K$107))) -> 0 | BF31: =SUMPRODUCT(('DU DOAN'!$B$4:$B$107="Vòng bảng")*('DU DOAN'!$D$4:$D$107="F")*ISNUMBER('DU DOAN'!$K$4:$K$107)*ISNUMBER('DU DOAN'!$L$4:$L$107)*(('DU DOAN'!$H$4:$H$107="Netherlands")*'DU DOAN'!$K$4:$K$107+('DU DOAN'!$I$4:$I$107="Netherlands")*'DU DOAN'!$L$4:$L$107)) -> 0 | BG31: =SUMPRODUCT(('DU DOAN'!$B$4:$B$107="Vòng bảng")*('DU DOAN'!$D$4:$D$107="F")*ISNUMBER('DU DOAN'!$K$4:$K$107)*ISNUMBER('DU DOAN'!$L$4:$L$107)*(('DU DOAN'!$H$4:$H$107="Netherlands")*'DU DOAN'!$L$4:$L$107+('DU DOAN'!$I$4:$I$107="Netherlands")*'DU DOAN'!$K$4:$K$107)) -> 0 | BH31: =BF31-BG31 -> 0 | BI31: =SUMPRODUCT(IFERROR((#REF!="Netherlands")*#REF!,0))+SUMPRODUCT(IFERROR((#REF!="Netherlands")*#REF!,0)) -> 0 | BJ31: =SUMPRODUCT(IFERROR((#REF!="Netherlands")*#REF!,0))+SUMPRODUCT(IFERROR((#REF!="Netherlands")*#REF!,0)) -> 0 | BK31: =3*BC31+BD31 -> 0 | BL31: =BK31*1000000+BH31*10000+BF31*100+4 -> 4
AZ32: Sweden | BA32: 🇸🇪 | BB32: =SUMPRODUCT(('DU DOAN'!$B$4:$B$107="Vòng bảng")*('DU DOAN'!$D$4:$D$107="F")*ISNUMBER('DU DOAN'!$K$4:$K$107)*ISNUMBER('DU DOAN'!$L$4:$L$107)*(('DU DOAN'!$H$4:$H$107="Sweden")+('DU DOAN'!$I$4:$I$107="Sweden"))) -> 0 | BC32: =SUMPRODUCT(('DU DOAN'!$B$4:$B$107="Vòng bảng")*('DU DOAN'!$D$4:$D$107="F")*ISNUMBER('DU DOAN'!$K$4:$K$107)*ISNUMBER('DU DOAN'!$L$4:$L$107)*(('DU DOAN'!$H$4:$H$107="Sweden")*('DU DOAN'!$K$4:$K$107>'DU DOAN'!$L$4:$L$107)+('DU DOAN'!$I$4:$I$107="Sweden")*('DU DOAN'!$L$4:$L$107>'DU DOAN'!$K$4:$K$107))) -> 0 | BD32: =SUMPRODUCT(('DU DOAN'!$B$4:$B$107="Vòng bảng")*('DU DOAN'!$D$4:$D$107="F")*ISNUMBER('DU DOAN'!$K$4:$K$107)*ISNUMBER('DU DOAN'!$L$4:$L$107)*(('DU DOAN'!$H$4:$H$107="Sweden")*('DU DOAN'!$K$4:$K$107='DU DOAN'!$L$4:$L$107)+('DU DOAN'!$I$4:$I$107="Sweden")*('DU DOAN'!$K$4:$K$107='DU DOAN'!$L$4:$L$107))) -> 0 | BE32: =SUMPRODUCT(('DU DOAN'!$B$4:$B$107="Vòng bảng")*('DU DOAN'!$D$4:$D$107="F")*ISNUMBER('DU DOAN'!$K$4:$K$107)*ISNUMBER('DU DOAN'!$L$4:$L$107)*(('DU DOAN'!$H$4:$H$107="Sweden")*('DU DOAN'!$K$4:$K$107<'DU DOAN'!$L$4:$L$107)+('DU DOAN'!$I$4:$I$107="Sweden")*('DU DOAN'!$L$4:$L$107<'DU DOAN'!$K$4:$K$107))) -> 0 | BF32: =SUMPRODUCT(('DU DOAN'!$B$4:$B$107="Vòng bảng")*('DU DOAN'!$D$4:$D$107="F")*ISNUMBER('DU DOAN'!$K$4:$K$107)*ISNUMBER('DU DOAN'!$L$4:$L$107)*(('DU DOAN'!$H$4:$H$107="Sweden")*'DU DOAN'!$K$4:$K$107+('DU DOAN'!$I$4:$I$107="Sweden")*'DU DOAN'!$L$4:$L$107)) -> 0 | BG32: =SUMPRODUCT(('DU DOAN'!$B$4:$B$107="Vòng bảng")*('DU DOAN'!$D$4:$D$107="F")*ISNUMBER('DU DOAN'!$K$4:$K$107)*ISNUMBER('DU DOAN'!$L$4:$L$107)*(('DU DOAN'!$H$4:$H$107="Sweden")*'DU DOAN'!$L$4:$L$107+('DU DOAN'!$I$4:$I$107="Sweden")*'DU DOAN'!$K$4:$K$107)) -> 0 | BH32: =BF32-BG32 -> 0 | BI32: =SUMPRODUCT(IFERROR((#REF!="Sweden")*#REF!,0))+SUMPRODUCT(IFERROR((#REF!="Sweden")*#REF!,0)) -> 0 | BJ32: =SUMPRODUCT(IFERROR((#REF!="Sweden")*#REF!,0))+SUMPRODUCT(IFERROR((#REF!="Sweden")*#REF!,0)) -> 0 | BK32: =3*BC32+BD32 -> 0 | BL32: =BK32*1000000+BH32*10000+BF32*100+3 -> 3
AZ33: Japan | BA33: 🇯🇵 | BB33: =SUMPRODUCT(('DU DOAN'!$B$4:$B$107="Vòng bảng")*('DU DOAN'!$D$4:$D$107="F")*ISNUMBER('DU DOAN'!$K$4:$K$107)*ISNUMBER('DU DOAN'!$L$4:$L$107)*(('DU DOAN'!$H$4:$H$107="Japan")+('DU DOAN'!$I$4:$I$107="Japan"))) -> 0 | BC33: =SUMPRODUCT(('DU DOAN'!$B$4:$B$107="Vòng bảng")*('DU DOAN'!$D$4:$D$107="F")*ISNUMBER('DU DOAN'!$K$4:$K$107)*ISNUMBER('DU DOAN'!$L$4:$L$107)*(('DU DOAN'!$H$4:$H$107="Japan")*('DU DOAN'!$K$4:$K$107>'DU DOAN'!$L$4:$L$107)+('DU DOAN'!$I$4:$I$107="Japan")*('DU DOAN'!$L$4:$L$107>'DU DOAN'!$K$4:$K$107))) -> 0 | BD33: =SUMPRODUCT(('DU DOAN'!$B$4:$B$107="Vòng bảng")*('DU DOAN'!$D$4:$D$107="F")*ISNUMBER('DU DOAN'!$K$4:$K$107)*ISNUMBER('DU DOAN'!$L$4:$L$107)*(('DU DOAN'!$H$4:$H$107="Japan")*('DU DOAN'!$K$4:$K$107='DU DOAN'!$L$4:$L$107)+('DU DOAN'!$I$4:$I$107="Japan")*('DU DOAN'!$K$4:$K$107='DU DOAN'!$L$4:$L$107))) -> 0 | BE33: =SUMPRODUCT(('DU DOAN'!$B$4:$B$107="Vòng bảng")*('DU DOAN'!$D$4:$D$107="F")*ISNUMBER('DU DOAN'!$K$4:$K$107)*ISNUMBER('DU DOAN'!$L$4:$L$107)*(('DU DOAN'!$H$4:$H$107="Japan")*('DU DOAN'!$K$4:$K$107<'DU DOAN'!$L$4:$L$107)+('DU DOAN'!$I$4:$I$107="Japan")*('DU DOAN'!$L$4:$L$107<'DU DOAN'!$K$4:$K$107))) -> 0 | BF33: =SUMPRODUCT(('DU DOAN'!$B$4:$B$107="Vòng bảng")*('DU DOAN'!$D$4:$D$107="F")*ISNUMBER('DU DOAN'!$K$4:$K$107)*ISNUMBER('DU DOAN'!$L$4:$L$107)*(('DU DOAN'!$H$4:$H$107="Japan")*'DU DOAN'!$K$4:$K$107+('DU DOAN'!$I$4:$I$107="Japan")*'DU DOAN'!$L$4:$L$107)) -> 0 | BG33: =SUMPRODUCT(('DU DOAN'!$B$4:$B$107="Vòng bảng")*('DU DOAN'!$D$4:$D$107="F")*ISNUMBER('DU DOAN'!$K$4:$K$107)*ISNUMBER('DU DOAN'!$L$4:$L$107)*(('DU DOAN'!$H$4:$H$107="Japan")*'DU DOAN'!$L$4:$L$107+('DU DOAN'!$I$4:$I$107="Japan")*'DU DOAN'!$K$4:$K$107)) -> 0 | BH33: =BF33-BG33 -> 0 | BI33: =SUMPRODUCT(IFERROR((#REF!="Japan")*#REF!,0))+SUMPRODUCT(IFERROR((#REF!="Japan")*#REF!,0)) -> 0 | BJ33: =SUMPRODUCT(IFERROR((#REF!="Japan")*#REF!,0))+SUMPRODUCT(IFERROR((#REF!="Japan")*#REF!,0)) -> 0 | BK33: =3*BC33+BD33 -> 0 | BL33: =BK33*1000000+BH33*10000+BF33*100+2 -> 2
AZ34: Tunisia | BA34: 🇹🇳 | BB34: =SUMPRODUCT(('DU DOAN'!$B$4:$B$107="Vòng bảng")*('DU DOAN'!$D$4:$D$107="F")*ISNUMBER('DU DOAN'!$K$4:$K$107)*ISNUMBER('DU DOAN'!$L$4:$L$107)*(('DU DOAN'!$H$4:$H$107="Tunisia")+('DU DOAN'!$I$4:$I$107="Tunisia"))) -> 0 | BC34: =SUMPRODUCT(('DU DOAN'!$B$4:$B$107="Vòng bảng")*('DU DOAN'!$D$4:$D$107="F")*ISNUMBER('DU DOAN'!$K$4:$K$107)*ISNUMBER('DU DOAN'!$L$4:$L$107)*(('DU DOAN'!$H$4:$H$107="Tunisia")*('DU DOAN'!$K$4:$K$107>'DU DOAN'!$L$4:$L$107)+('DU DOAN'!$I$4:$I$107="Tunisia")*('DU DOAN'!$L$4:$L$107>'DU DOAN'!$K$4:$K$107))) -> 0 | BD34: =SUMPRODUCT(('DU DOAN'!$B$4:$B$107="Vòng bảng")*('DU DOAN'!$D$4:$D$107="F")*ISNUMBER('DU DOAN'!$K$4:$K$107)*ISNUMBER('DU DOAN'!$L$4:$L$107)*(('DU DOAN'!$H$4:$H$107="Tunisia")*('DU DOAN'!$K$4:$K$107='DU DOAN'!$L$4:$L$107)+('DU DOAN'!$I$4:$I$107="Tunisia")*('DU DOAN'!$K$4:$K$107='DU DOAN'!$L$4:$L$107))) -> 0 | BE34: =SUMPRODUCT(('DU DOAN'!$B$4:$B$107="Vòng bảng")*('DU DOAN'!$D$4:$D$107="F")*ISNUMBER('DU DOAN'!$K$4:$K$107)*ISNUMBER('DU DOAN'!$L$4:$L$107)*(('DU DOAN'!$H$4:$H$107="Tunisia")*('DU DOAN'!$K$4:$K$107<'DU DOAN'!$L$4:$L$107)+('DU DOAN'!$I$4:$I$107="Tunisia")*('DU DOAN'!$L$4:$L$107<'DU DOAN'!$K$4:$K$107))) -> 0 | BF34: =SUMPRODUCT(('DU DOAN'!$B$4:$B$107="Vòng bảng")*('DU DOAN'!$D$4:$D$107="F")*ISNUMBER('DU DOAN'!$K$4:$K$107)*ISNUMBER('DU DOAN'!$L$4:$L$107)*(('DU DOAN'!$H$4:$H$107="Tunisia")*'DU DOAN'!$K$4:$K$107+('DU DOAN'!$I$4:$I$107="Tunisia")*'DU DOAN'!$L$4:$L$107)) -> 0 | BG34: =SUMPRODUCT(('DU DOAN'!$B$4:$B$107="Vòng bảng")*('DU DOAN'!$D$4:$D$107="F")*ISNUMBER('DU DOAN'!$K$4:$K$107)*ISNUMBER('DU DOAN'!$L$4:$L$107)*(('DU DOAN'!$H$4:$H$107="Tunisia")*'DU DOAN'!$L$4:$L$107+('DU DOAN'!$I$4:$I$107="Tunisia")*'DU DOAN'!$K$4:$K$107)) -> 0 | BH34: =BF34-BG34 -> 0 | BI34: =SUMPRODUCT(IFERROR((#REF!="Tunisia")*#REF!,0))+SUMPRODUCT(IFERROR((#REF!="Tunisia")*#REF!,0)) -> 0 | BJ34: =SUMPRODUCT(IFERROR((#REF!="Tunisia")*#REF!,0))+SUMPRODUCT(IFERROR((#REF!="Tunisia")*#REF!,0)) -> 0 | BK34: =3*BC34+BD34 -> 0 | BL34: =BK34*1000000+BH34*10000+BF34*100+1 -> 1
A35: 📌 QUY TẮC XẾP HẠNG FIFA WC 2026: (1) Điểm (2) Hiệu số bàn thắng (3) Số bàn thắng ghi được (4) Đối đầu trực tiếp - điểm (5) Đối đầu trực tiếp - hiệu số (6) Đối đầu trực tiếp - bàn thắng (7) Fair-play (thẻ phạt) (8) Bốc thăm. Hệ thống tự động áp dụng đến tiêu chí (3). Tiêu chí (4)-(8) cần xét thủ công khi có đồng điểm.
AY36: G | AZ36: Belgium | BA36: 🇧🇪 | BB36: =SUMPRODUCT(('DU DOAN'!$B$4:$B$107="Vòng bảng")*('DU DOAN'!$D$4:$D$107="G")*ISNUMBER('DU DOAN'!$K$4:$K$107)*ISNUMBER('DU DOAN'!$L$4:$L$107)*(('DU DOAN'!$H$4:$H$107="Belgium")+('DU DOAN'!$I$4:$I$107="Belgium"))) -> 0 | BC36: =SUMPRODUCT(('DU DOAN'!$B$4:$B$107="Vòng bảng")*('DU DOAN'!$D$4:$D$107="G")*ISNUMBER('DU DOAN'!$K$4:$K$107)*ISNUMBER('DU DOAN'!$L$4:$L$107)*(('DU DOAN'!$H$4:$H$107="Belgium")*('DU DOAN'!$K$4:$K$107>'DU DOAN'!$L$4:$L$107)+('DU DOAN'!$I$4:$I$107="Belgium")*('DU DOAN'!$L$4:$L$107>'DU DOAN'!$K$4:$K$107))) -> 0 | BD36: =SUMPRODUCT(('DU DOAN'!$B$4:$B$107="Vòng bảng")*('DU DOAN'!$D$4:$D$107="G")*ISNUMBER('DU DOAN'!$K$4:$K$107)*ISNUMBER('DU DOAN'!$L$4:$L$107)*(('DU DOAN'!$H$4:$H$107="Belgium")*('DU DOAN'!$K$4:$K$107='DU DOAN'!$L$4:$L$107)+('DU DOAN'!$I$4:$I$107="Belgium")*('DU DOAN'!$K$4:$K$107='DU DOAN'!$L$4:$L$107))) -> 0 | BE36: =SUMPRODUCT(('DU DOAN'!$B$4:$B$107="Vòng bảng")*('DU DOAN'!$D$4:$D$107="G")*ISNUMBER('DU DOAN'!$K$4:$K$107)*ISNUMBER('DU DOAN'!$L$4:$L$107)*(('DU DOAN'!$H$4:$H$107="Belgium")*('DU DOAN'!$K$4:$K$107<'DU DOAN'!$L$4:$L$107)+('DU DOAN'!$I$4:$I$107="Belgium")*('DU DOAN'!$L$4:$L$107<'DU DOAN'!$K$4:$K$107))) -> 0 | BF36: =SUMPRODUCT(('DU DOAN'!$B$4:$B$107="Vòng bảng")*('DU DOAN'!$D$4:$D$107="G")*ISNUMBER('DU DOAN'!$K$4:$K$107)*ISNUMBER('DU DOAN'!$L$4:$L$107)*(('DU DOAN'!$H$4:$H$107="Belgium")*'DU DOAN'!$K$4:$K$107+('DU DOAN'!$I$4:$I$107="Belgium")*'DU DOAN'!$L$4:$L$107)) -> 0 | BG36: =SUMPRODUCT(('DU DOAN'!$B$4:$B$107="Vòng bảng")*('DU DOAN'!$D$4:$D$107="G")*ISNUMBER('DU DOAN'!$K$4:$K$107)*ISNUMBER('DU DOAN'!$L$4:$L$107)*(('DU DOAN'!$H$4:$H$107="Belgium")*'DU DOAN'!$L$4:$L$107+('DU DOAN'!$I$4:$I$107="Belgium")*'DU DOAN'!$K$4:$K$107)) -> 0 | BH36: =BF36-BG36 -> 0 | BI36: =SUMPRODUCT(IFERROR((#REF!="Belgium")*#REF!,0))+SUMPRODUCT(IFERROR((#REF!="Belgium")*#REF!,0)) -> 0 | BJ36: =SUMPRODUCT(IFERROR((#REF!="Belgium")*#REF!,0))+SUMPRODUCT(IFERROR((#REF!="Belgium")*#REF!,0)) -> 0 | BK36: =3*BC36+BD36 -> 0 | BL36: =BK36*1000000+BH36*10000+BF36*100+4 -> 4
AZ37: Iran | BA37: 🇮🇷 | BB37: =SUMPRODUCT(('DU DOAN'!$B$4:$B$107="Vòng bảng")*('DU DOAN'!$D$4:$D$107="G")*ISNUMBER('DU DOAN'!$K$4:$K$107)*ISNUMBER('DU DOAN'!$L$4:$L$107)*(('DU DOAN'!$H$4:$H$107="Iran")+('DU DOAN'!$I$4:$I$107="Iran"))) -> 0 | BC37: =SUMPRODUCT(('DU DOAN'!$B$4:$B$107="Vòng bảng")*('DU DOAN'!$D$4:$D$107="G")*ISNUMBER('DU DOAN'!$K$4:$K$107)*ISNUMBER('DU DOAN'!$L$4:$L$107)*(('DU DOAN'!$H$4:$H$107="Iran")*('DU DOAN'!$K$4:$K$107>'DU DOAN'!$L$4:$L$107)+('DU DOAN'!$I$4:$I$107="Iran")*('DU DOAN'!$L$4:$L$107>'DU DOAN'!$K$4:$K$107))) -> 0 | BD37: =SUMPRODUCT(('DU DOAN'!$B$4:$B$107="Vòng bảng")*('DU DOAN'!$D$4:$D$107="G")*ISNUMBER('DU DOAN'!$K$4:$K$107)*ISNUMBER('DU DOAN'!$L$4:$L$107)*(('DU DOAN'!$H$4:$H$107="Iran")*('DU DOAN'!$K$4:$K$107='DU DOAN'!$L$4:$L$107)+('DU DOAN'!$I$4:$I$107="Iran")*('DU DOAN'!$K$4:$K$107='DU DOAN'!$L$4:$L$107))) -> 0 | BE37: =SUMPRODUCT(('DU DOAN'!$B$4:$B$107="Vòng bảng")*('DU DOAN'!$D$4:$D$107="G")*ISNUMBER('DU DOAN'!$K$4:$K$107)*ISNUMBER('DU DOAN'!$L$4:$L$107)*(('DU DOAN'!$H$4:$H$107="Iran")*('DU DOAN'!$K$4:$K$107<'DU DOAN'!$L$4:$L$107)+('DU DOAN'!$I$4:$I$107="Iran")*('DU DOAN'!$L$4:$L$107<'DU DOAN'!$K$4:$K$107))) -> 0 | BF37: =SUMPRODUCT(('DU DOAN'!$B$4:$B$107="Vòng bảng")*('DU DOAN'!$D$4:$D$107="G")*ISNUMBER('DU DOAN'!$K$4:$K$107)*ISNUMBER('DU DOAN'!$L$4:$L$107)*(('DU DOAN'!$H$4:$H$107="Iran")*'DU DOAN'!$K$4:$K$107+('DU DOAN'!$I$4:$I$107="Iran")*'DU DOAN'!$L$4:$L$107)) -> 0 | BG37: =SUMPRODUCT(('DU DOAN'!$B$4:$B$107="Vòng bảng")*('DU DOAN'!$D$4:$D$107="G")*ISNUMBER('DU DOAN'!$K$4:$K$107)*ISNUMBER('DU DOAN'!$L$4:$L$107)*(('DU DOAN'!$H$4:$H$107="Iran")*'DU DOAN'!$L$4:$L$107+('DU DOAN'!$I$4:$I$107="Iran")*'DU DOAN'!$K$4:$K$107)) -> 0 | BH37: =BF37-BG37 -> 0 | BI37: =SUMPRODUCT(IFERROR((#REF!="Iran")*#REF!,0))+SUMPRODUCT(IFERROR((#REF!="Iran")*#REF!,0)) -> 0 | BJ37: =SUMPRODUCT(IFERROR((#REF!="Iran")*#REF!,0))+SUMPRODUCT(IFERROR((#REF!="Iran")*#REF!,0)) -> 0 | BK37: =3*BC37+BD37 -> 0 | BL37: =BK37*1000000+BH37*10000+BF37*100+3 -> 3
AZ38: Egypt | BA38: 🇪🇬 | BB38: =SUMPRODUCT(('DU DOAN'!$B$4:$B$107="Vòng bảng")*('DU DOAN'!$D$4:$D$107="G")*ISNUMBER('DU DOAN'!$K$4:$K$107)*ISNUMBER('DU DOAN'!$L$4:$L$107)*(('DU DOAN'!$H$4:$H$107="Egypt")+('DU DOAN'!$I$4:$I$107="Egypt"))) -> 0 | BC38: =SUMPRODUCT(('DU DOAN'!$B$4:$B$107="Vòng bảng")*('DU DOAN'!$D$4:$D$107="G")*ISNUMBER('DU DOAN'!$K$4:$K$107)*ISNUMBER('DU DOAN'!$L$4:$L$107)*(('DU DOAN'!$H$4:$H$107="Egypt")*('DU DOAN'!$K$4:$K$107>'DU DOAN'!$L$4:$L$107)+('DU DOAN'!$I$4:$I$107="Egypt")*('DU DOAN'!$L$4:$L$107>'DU DOAN'!$K$4:$K$107))) -> 0 | BD38: =SUMPRODUCT(('DU DOAN'!$B$4:$B$107="Vòng bảng")*('DU DOAN'!$D$4:$D$107="G")*ISNUMBER('DU DOAN'!$K$4:$K$107)*ISNUMBER('DU DOAN'!$L$4:$L$107)*(('DU DOAN'!$H$4:$H$107="Egypt")*('DU DOAN'!$K$4:$K$107='DU DOAN'!$L$4:$L$107)+('DU DOAN'!$I$4:$I$107="Egypt")*('DU DOAN'!$K$4:$K$107='DU DOAN'!$L$4:$L$107))) -> 0 | BE38: =SUMPRODUCT(('DU DOAN'!$B$4:$B$107="Vòng bảng")*('DU DOAN'!$D$4:$D$107="G")*ISNUMBER('DU DOAN'!$K$4:$K$107)*ISNUMBER('DU DOAN'!$L$4:$L$107)*(('DU DOAN'!$H$4:$H$107="Egypt")*('DU DOAN'!$K$4:$K$107<'DU DOAN'!$L$4:$L$107)+('DU DOAN'!$I$4:$I$107="Egypt")*('DU DOAN'!$L$4:$L$107<'DU DOAN'!$K$4:$K$107))) -> 0 | BF38: =SUMPRODUCT(('DU DOAN'!$B$4:$B$107="Vòng bảng")*('DU DOAN'!$D$4:$D$107="G")*ISNUMBER('DU DOAN'!$K$4:$K$107)*ISNUMBER('DU DOAN'!$L$4:$L$107)*(('DU DOAN'!$H$4:$H$107="Egypt")*'DU DOAN'!$K$4:$K$107+('DU DOAN'!$I$4:$I$107="Egypt")*'DU DOAN'!$L$4:$L$107)) -> 0 | BG38: =SUMPRODUCT(('DU DOAN'!$B$4:$B$107="Vòng bảng")*('DU DOAN'!$D$4:$D$107="G")*ISNUMBER('DU DOAN'!$K$4:$K$107)*ISNUMBER('DU DOAN'!$L$4:$L$107)*(('DU DOAN'!$H$4:$H$107="Egypt")*'DU DOAN'!$L$4:$L$107+('DU DOAN'!$I$4:$I$107="Egypt")*'DU DOAN'!$K$4:$K$107)) -> 0 | BH38: =BF38-BG38 -> 0 | BI38: =SUMPRODUCT(IFERROR((#REF!="Egypt")*#REF!,0))+SUMPRODUCT(IFERROR((#REF!="Egypt")*#REF!,0)) -> 0 | BJ38: =SUMPRODUCT(IFERROR((#REF!="Egypt")*#REF!,0))+SUMPRODUCT(IFERROR((#REF!="Egypt")*#REF!,0)) -> 0 | BK38: =3*BC38+BD38 -> 0 | BL38: =BK38*1000000+BH38*10000+BF38*100+2 -> 2
AZ39: New Zealand | BA39: 🇳🇿 | BB39: =SUMPRODUCT(('DU DOAN'!$B$4:$B$107="Vòng bảng")*('DU DOAN'!$D$4:$D$107="G")*ISNUMBER('DU DOAN'!$K$4:$K$107)*ISNUMBER('DU DOAN'!$L$4:$L$107)*(('DU DOAN'!$H$4:$H$107="New Zealand")+('DU DOAN'!$I$4:$I$107="New Zealand"))) -> 0 | BC39: =SUMPRODUCT(('DU DOAN'!$B$4:$B$107="Vòng bảng")*('DU DOAN'!$D$4:$D$107="G")*ISNUMBER('DU DOAN'!$K$4:$K$107)*ISNUMBER('DU DOAN'!$L$4:$L$107)*(('DU DOAN'!$H$4:$H$107="New Zealand")*('DU DOAN'!$K$4:$K$107>'DU DOAN'!$L$4:$L$107)+('DU DOAN'!$I$4:$I$107="New Zealand")*('DU DOAN'!$L$4:$L$107>'DU DOAN'!$K$4:$K$107))) -> 0 | BD39: =SUMPRODUCT(('DU DOAN'!$B$4:$B$107="Vòng bảng")*('DU DOAN'!$D$4:$D$107="G")*ISNUMBER('DU DOAN'!$K$4:$K$107)*ISNUMBER('DU DOAN'!$L$4:$L$107)*(('DU DOAN'!$H$4:$H$107="New Zealand")*('DU DOAN'!$K$4:$K$107='DU DOAN'!$L$4:$L$107)+('DU DOAN'!$I$4:$I$107="New Zealand")*('DU DOAN'!$K$4:$K$107='DU DOAN'!$L$4:$L$107))) -> 0 | BE39: =SUMPRODUCT(('DU DOAN'!$B$4:$B$107="Vòng bảng")*('DU DOAN'!$D$4:$D$107="G")*ISNUMBER('DU DOAN'!$K$4:$K$107)*ISNUMBER('DU DOAN'!$L$4:$L$107)*(('DU DOAN'!$H$4:$H$107="New Zealand")*('DU DOAN'!$K$4:$K$107<'DU DOAN'!$L$4:$L$107)+('DU DOAN'!$I$4:$I$107="New Zealand")*('DU DOAN'!$L$4:$L$107<'DU DOAN'!$K$4:$K$107))) -> 0 | BF39: =SUMPRODUCT(('DU DOAN'!$B$4:$B$107="Vòng bảng")*('DU DOAN'!$D$4:$D$107="G")*ISNUMBER('DU DOAN'!$K$4:$K$107)*ISNUMBER('DU DOAN'!$L$4:$L$107)*(('DU DOAN'!$H$4:$H$107="New Zealand")*'DU DOAN'!$K$4:$K$107+('DU DOAN'!$I$4:$I$107="New Zealand")*'DU DOAN'!$L$4:$L$107)) -> 0 | BG39: =SUMPRODUCT(('DU DOAN'!$B$4:$B$107="Vòng bảng")*('DU DOAN'!$D$4:$D$107="G")*ISNUMBER('DU DOAN'!$K$4:$K$107)*ISNUMBER('DU DOAN'!$L$4:$L$107)*(('DU DOAN'!$H$4:$H$107="New Zealand")*'DU DOAN'!$L$4:$L$107+('DU DOAN'!$I$4:$I$107="New Zealand")*'DU DOAN'!$K$4:$K$107)) -> 0 | BH39: =BF39-BG39 -> 0 | BI39: =SUMPRODUCT(IFERROR((#REF!="New Zealand")*#REF!,0))+SUMPRODUCT(IFERROR((#REF!="New Zealand")*#REF!,0)) -> 0 | BJ39: =SUMPRODUCT(IFERROR((#REF!="New Zealand")*#REF!,0))+SUMPRODUCT(IFERROR((#REF!="New Zealand")*#REF!,0)) -> 0 | BK39: =3*BC39+BD39 -> 0 | BL39: =BK39*1000000+BH39*10000+BF39*100+1 -> 1
AY41: H | AZ41: Spain | BA41: 🇪🇸 | BB41: =SUMPRODUCT(('DU DOAN'!$B$4:$B$107="Vòng bảng")*('DU DOAN'!$D$4:$D$107="H")*ISNUMBER('DU DOAN'!$K$4:$K$107)*ISNUMBER('DU DOAN'!$L$4:$L$107)*(('DU DOAN'!$H$4:$H$107="Spain")+('DU DOAN'!$I$4:$I$107="Spain"))) -> 0 | BC41: =SUMPRODUCT(('DU DOAN'!$B$4:$B$107="Vòng bảng")*('DU DOAN'!$D$4:$D$107="H")*ISNUMBER('DU DOAN'!$K$4:$K$107)*ISNUMBER('DU DOAN'!$L$4:$L$107)*(('DU DOAN'!$H$4:$H$107="Spain")*('DU DOAN'!$K$4:$K$107>'DU DOAN'!$L$4:$L$107)+('DU DOAN'!$I$4:$I$107="Spain")*('DU DOAN'!$L$4:$L$107>'DU DOAN'!$K$4:$K$107))) -> 0 | BD41: =SUMPRODUCT(('DU DOAN'!$B$4:$B$107="Vòng bảng")*('DU DOAN'!$D$4:$D$107="H")*ISNUMBER('DU DOAN'!$K$4:$K$107)*ISNUMBER('DU DOAN'!$L$4:$L$107)*(('DU DOAN'!$H$4:$H$107="Spain")*('DU DOAN'!$K$4:$K$107='DU DOAN'!$L$4:$L$107)+('DU DOAN'!$I$4:$I$107="Spain")*('DU DOAN'!$K$4:$K$107='DU DOAN'!$L$4:$L$107))) -> 0 | BE41: =SUMPRODUCT(('DU DOAN'!$B$4:$B$107="Vòng bảng")*('DU DOAN'!$D$4:$D$107="H")*ISNUMBER('DU DOAN'!$K$4:$K$107)*ISNUMBER('DU DOAN'!$L$4:$L$107)*(('DU DOAN'!$H$4:$H$107="Spain")*('DU DOAN'!$K$4:$K$107<'DU DOAN'!$L$4:$L$107)+('DU DOAN'!$I$4:$I$107="Spain")*('DU DOAN'!$L$4:$L$107<'DU DOAN'!$K$4:$K$107))) -> 0 | BF41: =SUMPRODUCT(('DU DOAN'!$B$4:$B$107="Vòng bảng")*('DU DOAN'!$D$4:$D$107="H")*ISNUMBER('DU DOAN'!$K$4:$K$107)*ISNUMBER('DU DOAN'!$L$4:$L$107)*(('DU DOAN'!$H$4:$H$107="Spain")*'DU DOAN'!$K$4:$K$107+('DU DOAN'!$I$4:$I$107="Spain")*'DU DOAN'!$L$4:$L$107)) -> 0 | BG41: =SUMPRODUCT(('DU DOAN'!$B$4:$B$107="Vòng bảng")*('DU DOAN'!$D$4:$D$107="H")*ISNUMBER('DU DOAN'!$K$4:$K$107)*ISNUMBER('DU DOAN'!$L$4:$L$107)*(('DU DOAN'!$H$4:$H$107="Spain")*'DU DOAN'!$L$4:$L$107+('DU DOAN'!$I$4:$I$107="Spain")*'DU DOAN'!$K$4:$K$107)) -> 0 | BH41: =BF41-BG41 -> 0 | BI41: =SUMPRODUCT(IFERROR((#REF!="Spain")*#REF!,0))+SUMPRODUCT(IFERROR((#REF!="Spain")*#REF!,0)) -> 0 | BJ41: =SUMPRODUCT(IFERROR((#REF!="Spain")*#REF!,0))+SUMPRODUCT(IFERROR((#REF!="Spain")*#REF!,0)) -> 0 | BK41: =3*BC41+BD41 -> 0 | BL41: =BK41*1000000+BH41*10000+BF41*100+4 -> 4
AZ42: Uruguay | BA42: 🇺🇾 | BB42: =SUMPRODUCT(('DU DOAN'!$B$4:$B$107="Vòng bảng")*('DU DOAN'!$D$4:$D$107="H")*ISNUMBER('DU DOAN'!$K$4:$K$107)*ISNUMBER('DU DOAN'!$L$4:$L$107)*(('DU DOAN'!$H$4:$H$107="Uruguay")+('DU DOAN'!$I$4:$I$107="Uruguay"))) -> 0 | BC42: =SUMPRODUCT(('DU DOAN'!$B$4:$B$107="Vòng bảng")*('DU DOAN'!$D$4:$D$107="H")*ISNUMBER('DU DOAN'!$K$4:$K$107)*ISNUMBER('DU DOAN'!$L$4:$L$107)*(('DU DOAN'!$H$4:$H$107="Uruguay")*('DU DOAN'!$K$4:$K$107>'DU DOAN'!$L$4:$L$107)+('DU DOAN'!$I$4:$I$107="Uruguay")*('DU DOAN'!$L$4:$L$107>'DU DOAN'!$K$4:$K$107))) -> 0 | BD42: =SUMPRODUCT(('DU DOAN'!$B$4:$B$107="Vòng bảng")*('DU DOAN'!$D$4:$D$107="H")*ISNUMBER('DU DOAN'!$K$4:$K$107)*ISNUMBER('DU DOAN'!$L$4:$L$107)*(('DU DOAN'!$H$4:$H$107="Uruguay")*('DU DOAN'!$K$4:$K$107='DU DOAN'!$L$4:$L$107)+('DU DOAN'!$I$4:$I$107="Uruguay")*('DU DOAN'!$K$4:$K$107='DU DOAN'!$L$4:$L$107))) -> 0 | BE42: =SUMPRODUCT(('DU DOAN'!$B$4:$B$107="Vòng bảng")*('DU DOAN'!$D$4:$D$107="H")*ISNUMBER('DU DOAN'!$K$4:$K$107)*ISNUMBER('DU DOAN'!$L$4:$L$107)*(('DU DOAN'!$H$4:$H$107="Uruguay")*('DU DOAN'!$K$4:$K$107<'DU DOAN'!$L$4:$L$107)+('DU DOAN'!$I$4:$I$107="Uruguay")*('DU DOAN'!$L$4:$L$107<'DU DOAN'!$K$4:$K$107))) -> 0 | BF42: =SUMPRODUCT(('DU DOAN'!$B$4:$B$107="Vòng bảng")*('DU DOAN'!$D$4:$D$107="H")*ISNUMBER('DU DOAN'!$K$4:$K$107)*ISNUMBER('DU DOAN'!$L$4:$L$107)*(('DU DOAN'!$H$4:$H$107="Uruguay")*'DU DOAN'!$K$4:$K$107+('DU DOAN'!$I$4:$I$107="Uruguay")*'DU DOAN'!$L$4:$L$107)) -> 0 | BG42: =SUMPRODUCT(('DU DOAN'!$B$4:$B$107="Vòng bảng")*('DU DOAN'!$D$4:$D$107="H")*ISNUMBER('DU DOAN'!$K$4:$K$107)*ISNUMBER('DU DOAN'!$L$4:$L$107)*(('DU DOAN'!$H$4:$H$107="Uruguay")*'DU DOAN'!$L$4:$L$107+('DU DOAN'!$I$4:$I$107="Uruguay")*'DU DOAN'!$K$4:$K$107)) -> 0 | BH42: =BF42-BG42 -> 0 | BI42: =SUMPRODUCT(IFERROR((#REF!="Uruguay")*#REF!,0))+SUMPRODUCT(IFERROR((#REF!="Uruguay")*#REF!,0)) -> 0 | BJ42: =SUMPRODUCT(IFERROR((#REF!="Uruguay")*#REF!,0))+SUMPRODUCT(IFERROR((#REF!="Uruguay")*#REF!,0)) -> 0 | BK42: =3*BC42+BD42 -> 0 | BL42: =BK42*1000000+BH42*10000+BF42*100+3 -> 3
AZ43: Saudi Arabia | BA43: 🇸🇦 | BB43: =SUMPRODUCT(('DU DOAN'!$B$4:$B$107="Vòng bảng")*('DU DOAN'!$D$4:$D$107="H")*ISNUMBER('DU DOAN'!$K$4:$K$107)*ISNUMBER('DU DOAN'!$L$4:$L$107)*(('DU DOAN'!$H$4:$H$107="Saudi Arabia")+('DU DOAN'!$I$4:$I$107="Saudi Arabia"))) -> 0 | BC43: =SUMPRODUCT(('DU DOAN'!$B$4:$B$107="Vòng bảng")*('DU DOAN'!$D$4:$D$107="H")*ISNUMBER('DU DOAN'!$K$4:$K$107)*ISNUMBER('DU DOAN'!$L$4:$L$107)*(('DU DOAN'!$H$4:$H$107="Saudi Arabia")*('DU DOAN'!$K$4:$K$107>'DU DOAN'!$L$4:$L$107)+('DU DOAN'!$I$4:$I$107="Saudi Arabia")*('DU DOAN'!$L$4:$L$107>'DU DOAN'!$K$4:$K$107))) -> 0 | BD43: =SUMPRODUCT(('DU DOAN'!$B$4:$B$107="Vòng bảng")*('DU DOAN'!$D$4:$D$107="H")*ISNUMBER('DU DOAN'!$K$4:$K$107)*ISNUMBER('DU DOAN'!$L$4:$L$107)*(('DU DOAN'!$H$4:$H$107="Saudi Arabia")*('DU DOAN'!$K$4:$K$107='DU DOAN'!$L$4:$L$107)+('DU DOAN'!$I$4:$I$107="Saudi Arabia")*('DU DOAN'!$K$4:$K$107='DU DOAN'!$L$4:$L$107))) -> 0 | BE43: =SUMPRODUCT(('DU DOAN'!$B$4:$B$107="Vòng bảng")*('DU DOAN'!$D$4:$D$107="H")*ISNUMBER('DU DOAN'!$K$4:$K$107)*ISNUMBER('DU DOAN'!$L$4:$L$107)*(('DU DOAN'!$H$4:$H$107="Saudi Arabia")*('DU DOAN'!$K$4:$K$107<'DU DOAN'!$L$4:$L$107)+('DU DOAN'!$I$4:$I$107="Saudi Arabia")*('DU DOAN'!$L$4:$L$107<'DU DOAN'!$K$4:$K$107))) -> 0 | BF43: =SUMPRODUCT(('DU DOAN'!$B$4:$B$107="Vòng bảng")*('DU DOAN'!$D$4:$D$107="H")*ISNUMBER('DU DOAN'!$K$4:$K$107)*ISNUMBER('DU DOAN'!$L$4:$L$107)*(('DU DOAN'!$H$4:$H$107="Saudi Arabia")*'DU DOAN'!$K$4:$K$107+('DU DOAN'!$I$4:$I$107="Saudi Arabia")*'DU DOAN'!$L$4:$L$107)) -> 0 | BG43: =SUMPRODUCT(('DU DOAN'!$B$4:$B$107="Vòng bảng")*('DU DOAN'!$D$4:$D$107="H")*ISNUMBER('DU DOAN'!$K$4:$K$107)*ISNUMBER('DU DOAN'!$L$4:$L$107)*(('DU DOAN'!$H$4:$H$107="Saudi Arabia")*'DU DOAN'!$L$4:$L$107+('DU DOAN'!$I$4:$I$107="Saudi Arabia")*'DU DOAN'!$K$4:$K$107)) -> 0 | BH43: =BF43-BG43 -> 0 | BI43: =SUMPRODUCT(IFERROR((#REF!="Saudi Arabia")*#REF!,0))+SUMPRODUCT(IFERROR((#REF!="Saudi Arabia")*#REF!,0)) -> 0 | BJ43: =SUMPRODUCT(IFERROR((#REF!="Saudi Arabia")*#REF!,0))+SUMPRODUCT(IFERROR((#REF!="Saudi Arabia")*#REF!,0)) -> 0 | BK43: =3*BC43+BD43 -> 0 | BL43: =BK43*1000000+BH43*10000+BF43*100+2 -> 2
AZ44: Cape Verde | BA44: 🇨🇻 | BB44: =SUMPRODUCT(('DU DOAN'!$B$4:$B$107="Vòng bảng")*('DU DOAN'!$D$4:$D$107="H")*ISNUMBER('DU DOAN'!$K$4:$K$107)*ISNUMBER('DU DOAN'!$L$4:$L$107)*(('DU DOAN'!$H$4:$H$107="Cape Verde")+('DU DOAN'!$I$4:$I$107="Cape Verde"))) -> 0 | BC44: =SUMPRODUCT(('DU DOAN'!$B$4:$B$107="Vòng bảng")*('DU DOAN'!$D$4:$D$107="H")*ISNUMBER('DU DOAN'!$K$4:$K$107)*ISNUMBER('DU DOAN'!$L$4:$L$107)*(('DU DOAN'!$H$4:$H$107="Cape Verde")*('DU DOAN'!$K$4:$K$107>'DU DOAN'!$L$4:$L$107)+('DU DOAN'!$I$4:$I$107="Cape Verde")*('DU DOAN'!$L$4:$L$107>'DU DOAN'!$K$4:$K$107))) -> 0 | BD44: =SUMPRODUCT(('DU DOAN'!$B$4:$B$107="Vòng bảng")*('DU DOAN'!$D$4:$D$107="H")*ISNUMBER('DU DOAN'!$K$4:$K$107)*ISNUMBER('DU DOAN'!$L$4:$L$107)*(('DU DOAN'!$H$4:$H$107="Cape Verde")*('DU DOAN'!$K$4:$K$107='DU DOAN'!$L$4:$L$107)+('DU DOAN'!$I$4:$I$107="Cape Verde")*('DU DOAN'!$K$4:$K$107='DU DOAN'!$L$4:$L$107))) -> 0 | BE44: =SUMPRODUCT(('DU DOAN'!$B$4:$B$107="Vòng bảng")*('DU DOAN'!$D$4:$D$107="H")*ISNUMBER('DU DOAN'!$K$4:$K$107)*ISNUMBER('DU DOAN'!$L$4:$L$107)*(('DU DOAN'!$H$4:$H$107="Cape Verde")*('DU DOAN'!$K$4:$K$107<'DU DOAN'!$L$4:$L$107)+('DU DOAN'!$I$4:$I$107="Cape Verde")*('DU DOAN'!$L$4:$L$107<'DU DOAN'!$K$4:$K$107))) -> 0 | BF44: =SUMPRODUCT(('DU DOAN'!$B$4:$B$107="Vòng bảng")*('DU DOAN'!$D$4:$D$107="H")*ISNUMBER('DU DOAN'!$K$4:$K$107)*ISNUMBER('DU DOAN'!$L$4:$L$107)*(('DU DOAN'!$H$4:$H$107="Cape Verde")*'DU DOAN'!$K$4:$K$107+('DU DOAN'!$I$4:$I$107="Cape Verde")*'DU DOAN'!$L$4:$L$107)) -> 0 | BG44: =SUMPRODUCT(('DU DOAN'!$B$4:$B$107="Vòng bảng")*('DU DOAN'!$D$4:$D$107="H")*ISNUMBER('DU DOAN'!$K$4:$K$107)*ISNUMBER('DU DOAN'!$L$4:$L$107)*(('DU DOAN'!$H$4:$H$107="Cape Verde")*'DU DOAN'!$L$4:$L$107+('DU DOAN'!$I$4:$I$107="Cape Verde")*'DU DOAN'!$K$4:$K$107)) -> 0 | BH44: =BF44-BG44 -> 0 | BI44: =SUMPRODUCT(IFERROR((#REF!="Cape Verde")*#REF!,0))+SUMPRODUCT(IFERROR((#REF!="Cape Verde")*#REF!,0)) -> 0 | BJ44: =SUMPRODUCT(IFERROR((#REF!="Cape Verde")*#REF!,0))+SUMPRODUCT(IFERROR((#REF!="Cape Verde")*#REF!,0)) -> 0 | BK44: =3*BC44+BD44 -> 0 | BL44: =BK44*1000000+BH44*10000+BF44*100+1 -> 1
AY46: I | AZ46: France | BA46: 🇫🇷 | BB46: =SUMPRODUCT(('DU DOAN'!$B$4:$B$107="Vòng bảng")*('DU DOAN'!$D$4:$D$107="I")*ISNUMBER('DU DOAN'!$K$4:$K$107)*ISNUMBER('DU DOAN'!$L$4:$L$107)*(('DU DOAN'!$H$4:$H$107="France")+('DU DOAN'!$I$4:$I$107="France"))) -> 0 | BC46: =SUMPRODUCT(('DU DOAN'!$B$4:$B$107="Vòng bảng")*('DU DOAN'!$D$4:$D$107="I")*ISNUMBER('DU DOAN'!$K$4:$K$107)*ISNUMBER('DU DOAN'!$L$4:$L$107)*(('DU DOAN'!$H$4:$H$107="France")*('DU DOAN'!$K$4:$K$107>'DU DOAN'!$L$4:$L$107)+('DU DOAN'!$I$4:$I$107="France")*('DU DOAN'!$L$4:$L$107>'DU DOAN'!$K$4:$K$107))) -> 0 | BD46: =SUMPRODUCT(('DU DOAN'!$B$4:$B$107="Vòng bảng")*('DU DOAN'!$D$4:$D$107="I")*ISNUMBER('DU DOAN'!$K$4:$K$107)*ISNUMBER('DU DOAN'!$L$4:$L$107)*(('DU DOAN'!$H$4:$H$107="France")*('DU DOAN'!$K$4:$K$107='DU DOAN'!$L$4:$L$107)+('DU DOAN'!$I$4:$I$107="France")*('DU DOAN'!$K$4:$K$107='DU DOAN'!$L$4:$L$107))) -> 0 | BE46: =SUMPRODUCT(('DU DOAN'!$B$4:$B$107="Vòng bảng")*('DU DOAN'!$D$4:$D$107="I")*ISNUMBER('DU DOAN'!$K$4:$K$107)*ISNUMBER('DU DOAN'!$L$4:$L$107)*(('DU DOAN'!$H$4:$H$107="France")*('DU DOAN'!$K$4:$K$107<'DU DOAN'!$L$4:$L$107)+('DU DOAN'!$I$4:$I$107="France")*('DU DOAN'!$L$4:$L$107<'DU DOAN'!$K$4:$K$107))) -> 0 | BF46: =SUMPRODUCT(('DU DOAN'!$B$4:$B$107="Vòng bảng")*('DU DOAN'!$D$4:$D$107="I")*ISNUMBER('DU DOAN'!$K$4:$K$107)*ISNUMBER('DU DOAN'!$L$4:$L$107)*(('DU DOAN'!$H$4:$H$107="France")*'DU DOAN'!$K$4:$K$107+('DU DOAN'!$I$4:$I$107="France")*'DU DOAN'!$L$4:$L$107)) -> 0 | BG46: =SUMPRODUCT(('DU DOAN'!$B$4:$B$107="Vòng bảng")*('DU DOAN'!$D$4:$D$107="I")*ISNUMBER('DU DOAN'!$K$4:$K$107)*ISNUMBER('DU DOAN'!$L$4:$L$107)*(('DU DOAN'!$H$4:$H$107="France")*'DU DOAN'!$L$4:$L$107+('DU DOAN'!$I$4:$I$107="France")*'DU DOAN'!$K$4:$K$107)) -> 0 | BH46: =BF46-BG46 -> 0 | BI46: =SUMPRODUCT(IFERROR((#REF!="France")*#REF!,0))+SUMPRODUCT(IFERROR((#REF!="France")*#REF!,0)) -> 0 | BJ46: =SUMPRODUCT(IFERROR((#REF!="France")*#REF!,0))+SUMPRODUCT(IFERROR((#REF!="France")*#REF!,0)) -> 0 | BK46: =3*BC46+BD46 -> 0 | BL46: =BK46*1000000+BH46*10000+BF46*100+4 -> 4
AZ47: Norway | BA47: 🇳🇴 | BB47: =SUMPRODUCT(('DU DOAN'!$B$4:$B$107="Vòng bảng")*('DU DOAN'!$D$4:$D$107="I")*ISNUMBER('DU DOAN'!$K$4:$K$107)*ISNUMBER('DU DOAN'!$L$4:$L$107)*(('DU DOAN'!$H$4:$H$107="Norway")+('DU DOAN'!$I$4:$I$107="Norway"))) -> 0 | BC47: =SUMPRODUCT(('DU DOAN'!$B$4:$B$107="Vòng bảng")*('DU DOAN'!$D$4:$D$107="I")*ISNUMBER('DU DOAN'!$K$4:$K$107)*ISNUMBER('DU DOAN'!$L$4:$L$107)*(('DU DOAN'!$H$4:$H$107="Norway")*('DU DOAN'!$K$4:$K$107>'DU DOAN'!$L$4:$L$107)+('DU DOAN'!$I$4:$I$107="Norway")*('DU DOAN'!$L$4:$L$107>'DU DOAN'!$K$4:$K$107))) -> 0 | BD47: =SUMPRODUCT(('DU DOAN'!$B$4:$B$107="Vòng bảng")*('DU DOAN'!$D$4:$D$107="I")*ISNUMBER('DU DOAN'!$K$4:$K$107)*ISNUMBER('DU DOAN'!$L$4:$L$107)*(('DU DOAN'!$H$4:$H$107="Norway")*('DU DOAN'!$K$4:$K$107='DU DOAN'!$L$4:$L$107)+('DU DOAN'!$I$4:$I$107="Norway")*('DU DOAN'!$K$4:$K$107='DU DOAN'!$L$4:$L$107))) -> 0 | BE47: =SUMPRODUCT(('DU DOAN'!$B$4:$B$107="Vòng bảng")*('DU DOAN'!$D$4:$D$107="I")*ISNUMBER('DU DOAN'!$K$4:$K$107)*ISNUMBER('DU DOAN'!$L$4:$L$107)*(('DU DOAN'!$H$4:$H$107="Norway")*('DU DOAN'!$K$4:$K$107<'DU DOAN'!$L$4:$L$107)+('DU DOAN'!$I$4:$I$107="Norway")*('DU DOAN'!$L$4:$L$107<'DU DOAN'!$K$4:$K$107))) -> 0 | BF47: =SUMPRODUCT(('DU DOAN'!$B$4:$B$107="Vòng bảng")*('DU DOAN'!$D$4:$D$107="I")*ISNUMBER('DU DOAN'!$K$4:$K$107)*ISNUMBER('DU DOAN'!$L$4:$L$107)*(('DU DOAN'!$H$4:$H$107="Norway")*'DU DOAN'!$K$4:$K$107+('DU DOAN'!$I$4:$I$107="Norway")*'DU DOAN'!$L$4:$L$107)) -> 0 | BG47: =SUMPRODUCT(('DU DOAN'!$B$4:$B$107="Vòng bảng")*('DU DOAN'!$D$4:$D$107="I")*ISNUMBER('DU DOAN'!$K$4:$K$107)*ISNUMBER('DU DOAN'!$L$4:$L$107)*(('DU DOAN'!$H$4:$H$107="Norway")*'DU DOAN'!$L$4:$L$107+('DU DOAN'!$I$4:$I$107="Norway")*'DU DOAN'!$K$4:$K$107)) -> 0 | BH47: =BF47-BG47 -> 0 | BI47: =SUMPRODUCT(IFERROR((#REF!="Norway")*#REF!,0))+SUMPRODUCT(IFERROR((#REF!="Norway")*#REF!,0)) -> 0 | BJ47: =SUMPRODUCT(IFERROR((#REF!="Norway")*#REF!,0))+SUMPRODUCT(IFERROR((#REF!="Norway")*#REF!,0)) -> 0 | BK47: =3*BC47+BD47 -> 0 | BL47: =BK47*1000000+BH47*10000+BF47*100+3 -> 3
AZ48: Senegal | BA48: 🇸🇳 | BB48: =SUMPRODUCT(('DU DOAN'!$B$4:$B$107="Vòng bảng")*('DU DOAN'!$D$4:$D$107="I")*ISNUMBER('DU DOAN'!$K$4:$K$107)*ISNUMBER('DU DOAN'!$L$4:$L$107)*(('DU DOAN'!$H$4:$H$107="Senegal")+('DU DOAN'!$I$4:$I$107="Senegal"))) -> 0 | BC48: =SUMPRODUCT(('DU DOAN'!$B$4:$B$107="Vòng bảng")*('DU DOAN'!$D$4:$D$107="I")*ISNUMBER('DU DOAN'!$K$4:$K$107)*ISNUMBER('DU DOAN'!$L$4:$L$107)*(('DU DOAN'!$H$4:$H$107="Senegal")*('DU DOAN'!$K$4:$K$107>'DU DOAN'!$L$4:$L$107)+('DU DOAN'!$I$4:$I$107="Senegal")*('DU DOAN'!$L$4:$L$107>'DU DOAN'!$K$4:$K$107))) -> 0 | BD48: =SUMPRODUCT(('DU DOAN'!$B$4:$B$107="Vòng bảng")*('DU DOAN'!$D$4:$D$107="I")*ISNUMBER('DU DOAN'!$K$4:$K$107)*ISNUMBER('DU DOAN'!$L$4:$L$107)*(('DU DOAN'!$H$4:$H$107="Senegal")*('DU DOAN'!$K$4:$K$107='DU DOAN'!$L$4:$L$107)+('DU DOAN'!$I$4:$I$107="Senegal")*('DU DOAN'!$K$4:$K$107='DU DOAN'!$L$4:$L$107))) -> 0 | BE48: =SUMPRODUCT(('DU DOAN'!$B$4:$B$107="Vòng bảng")*('DU DOAN'!$D$4:$D$107="I")*ISNUMBER('DU DOAN'!$K$4:$K$107)*ISNUMBER('DU DOAN'!$L$4:$L$107)*(('DU DOAN'!$H$4:$H$107="Senegal")*('DU DOAN'!$K$4:$K$107<'DU DOAN'!$L$4:$L$107)+('DU DOAN'!$I$4:$I$107="Senegal")*('DU DOAN'!$L$4:$L$107<'DU DOAN'!$K$4:$K$107))) -> 0 | BF48: =SUMPRODUCT(('DU DOAN'!$B$4:$B$107="Vòng bảng")*('DU DOAN'!$D$4:$D$107="I")*ISNUMBER('DU DOAN'!$K$4:$K$107)*ISNUMBER('DU DOAN'!$L$4:$L$107)*(('DU DOAN'!$H$4:$H$107="Senegal")*'DU DOAN'!$K$4:$K$107+('DU DOAN'!$I$4:$I$107="Senegal")*'DU DOAN'!$L$4:$L$107)) -> 0 | BG48: =SUMPRODUCT(('DU DOAN'!$B$4:$B$107="Vòng bảng")*('DU DOAN'!$D$4:$D$107="I")*ISNUMBER('DU DOAN'!$K$4:$K$107)*ISNUMBER('DU DOAN'!$L$4:$L$107)*(('DU DOAN'!$H$4:$H$107="Senegal")*'DU DOAN'!$L$4:$L$107+('DU DOAN'!$I$4:$I$107="Senegal")*'DU DOAN'!$K$4:$K$107)) -> 0 | BH48: =BF48-BG48 -> 0 | BI48: =SUMPRODUCT(IFERROR((#REF!="Senegal")*#REF!,0))+SUMPRODUCT(IFERROR((#REF!="Senegal")*#REF!,0)) -> 0 | BJ48: =SUMPRODUCT(IFERROR((#REF!="Senegal")*#REF!,0))+SUMPRODUCT(IFERROR((#REF!="Senegal")*#REF!,0)) -> 0 | BK48: =3*BC48+BD48 -> 0 | BL48: =BK48*1000000+BH48*10000+BF48*100+2 -> 2
AZ49: Iraq | BA49: 🇮🇶 | BB49: =SUMPRODUCT(('DU DOAN'!$B$4:$B$107="Vòng bảng")*('DU DOAN'!$D$4:$D$107="I")*ISNUMBER('DU DOAN'!$K$4:$K$107)*ISNUMBER('DU DOAN'!$L$4:$L$107)*(('DU DOAN'!$H$4:$H$107="Iraq")+('DU DOAN'!$I$4:$I$107="Iraq"))) -> 0 | BC49: =SUMPRODUCT(('DU DOAN'!$B$4:$B$107="Vòng bảng")*('DU DOAN'!$D$4:$D$107="I")*ISNUMBER('DU DOAN'!$K$4:$K$107)*ISNUMBER('DU DOAN'!$L$4:$L$107)*(('DU DOAN'!$H$4:$H$107="Iraq")*('DU DOAN'!$K$4:$K$107>'DU DOAN'!$L$4:$L$107)+('DU DOAN'!$I$4:$I$107="Iraq")*('DU DOAN'!$L$4:$L$107>'DU DOAN'!$K$4:$K$107))) -> 0 | BD49: =SUMPRODUCT(('DU DOAN'!$B$4:$B$107="Vòng bảng")*('DU DOAN'!$D$4:$D$107="I")*ISNUMBER('DU DOAN'!$K$4:$K$107)*ISNUMBER('DU DOAN'!$L$4:$L$107)*(('DU DOAN'!$H$4:$H$107="Iraq")*('DU DOAN'!$K$4:$K$107='DU DOAN'!$L$4:$L$107)+('DU DOAN'!$I$4:$I$107="Iraq")*('DU DOAN'!$K$4:$K$107='DU DOAN'!$L$4:$L$107))) -> 0 | BE49: =SUMPRODUCT(('DU DOAN'!$B$4:$B$107="Vòng bảng")*('DU DOAN'!$D$4:$D$107="I")*ISNUMBER('DU DOAN'!$K$4:$K$107)*ISNUMBER('DU DOAN'!$L$4:$L$107)*(('DU DOAN'!$H$4:$H$107="Iraq")*('DU DOAN'!$K$4:$K$107<'DU DOAN'!$L$4:$L$107)+('DU DOAN'!$I$4:$I$107="Iraq")*('DU DOAN'!$L$4:$L$107<'DU DOAN'!$K$4:$K$107))) -> 0 | BF49: =SUMPRODUCT(('DU DOAN'!$B$4:$B$107="Vòng bảng")*('DU DOAN'!$D$4:$D$107="I")*ISNUMBER('DU DOAN'!$K$4:$K$107)*ISNUMBER('DU DOAN'!$L$4:$L$107)*(('DU DOAN'!$H$4:$H$107="Iraq")*'DU DOAN'!$K$4:$K$107+('DU DOAN'!$I$4:$I$107="Iraq")*'DU DOAN'!$L$4:$L$107)) -> 0 | BG49: =SUMPRODUCT(('DU DOAN'!$B$4:$B$107="Vòng bảng")*('DU DOAN'!$D$4:$D$107="I")*ISNUMBER('DU DOAN'!$K$4:$K$107)*ISNUMBER('DU DOAN'!$L$4:$L$107)*(('DU DOAN'!$H$4:$H$107="Iraq")*'DU DOAN'!$L$4:$L$107+('DU DOAN'!$I$4:$I$107="Iraq")*'DU DOAN'!$K$4:$K$107)) -> 0 | BH49: =BF49-BG49 -> 0 | BI49: =SUMPRODUCT(IFERROR((#REF!="Iraq")*#REF!,0))+SUMPRODUCT(IFERROR((#REF!="Iraq")*#REF!,0)) -> 0 | BJ49: =SUMPRODUCT(IFERROR((#REF!="Iraq")*#REF!,0))+SUMPRODUCT(IFERROR((#REF!="Iraq")*#REF!,0)) -> 0 | BK49: =3*BC49+BD49 -> 0 | BL49: =BK49*1000000+BH49*10000+BF49*100+1 -> 1
AY51: J | AZ51: Argentina | BA51: 🇦🇷 | BB51: =SUMPRODUCT(('DU DOAN'!$B$4:$B$107="Vòng bảng")*('DU DOAN'!$D$4:$D$107="J")*ISNUMBER('DU DOAN'!$K$4:$K$107)*ISNUMBER('DU DOAN'!$L$4:$L$107)*(('DU DOAN'!$H$4:$H$107="Argentina")+('DU DOAN'!$I$4:$I$107="Argentina"))) -> 0 | BC51: =SUMPRODUCT(('DU DOAN'!$B$4:$B$107="Vòng bảng")*('DU DOAN'!$D$4:$D$107="J")*ISNUMBER('DU DOAN'!$K$4:$K$107)*ISNUMBER('DU DOAN'!$L$4:$L$107)*(('DU DOAN'!$H$4:$H$107="Argentina")*('DU DOAN'!$K$4:$K$107>'DU DOAN'!$L$4:$L$107)+('DU DOAN'!$I$4:$I$107="Argentina")*('DU DOAN'!$L$4:$L$107>'DU DOAN'!$K$4:$K$107))) -> 0 | BD51: =SUMPRODUCT(('DU DOAN'!$B$4:$B$107="Vòng bảng")*('DU DOAN'!$D$4:$D$107="J")*ISNUMBER('DU DOAN'!$K$4:$K$107)*ISNUMBER('DU DOAN'!$L$4:$L$107)*(('DU DOAN'!$H$4:$H$107="Argentina")*('DU DOAN'!$K$4:$K$107='DU DOAN'!$L$4:$L$107)+('DU DOAN'!$I$4:$I$107="Argentina")*('DU DOAN'!$K$4:$K$107='DU DOAN'!$L$4:$L$107))) -> 0 | BE51: =SUMPRODUCT(('DU DOAN'!$B$4:$B$107="Vòng bảng")*('DU DOAN'!$D$4:$D$107="J")*ISNUMBER('DU DOAN'!$K$4:$K$107)*ISNUMBER('DU DOAN'!$L$4:$L$107)*(('DU DOAN'!$H$4:$H$107="Argentina")*('DU DOAN'!$K$4:$K$107<'DU DOAN'!$L$4:$L$107)+('DU DOAN'!$I$4:$I$107="Argentina")*('DU DOAN'!$L$4:$L$107<'DU DOAN'!$K$4:$K$107))) -> 0 | BF51: =SUMPRODUCT(('DU DOAN'!$B$4:$B$107="Vòng bảng")*('DU DOAN'!$D$4:$D$107="J")*ISNUMBER('DU DOAN'!$K$4:$K$107)*ISNUMBER('DU DOAN'!$L$4:$L$107)*(('DU DOAN'!$H$4:$H$107="Argentina")*'DU DOAN'!$K$4:$K$107+('DU DOAN'!$I$4:$I$107="Argentina")*'DU DOAN'!$L$4:$L$107)) -> 0 | BG51: =SUMPRODUCT(('DU DOAN'!$B$4:$B$107="Vòng bảng")*('DU DOAN'!$D$4:$D$107="J")*ISNUMBER('DU DOAN'!$K$4:$K$107)*ISNUMBER('DU DOAN'!$L$4:$L$107)*(('DU DOAN'!$H$4:$H$107="Argentina")*'DU DOAN'!$L$4:$L$107+('DU DOAN'!$I$4:$I$107="Argentina")*'DU DOAN'!$K$4:$K$107)) -> 0 | BH51: =BF51-BG51 -> 0 | BI51: =SUMPRODUCT(IFERROR((#REF!="Argentina")*#REF!,0))+SUMPRODUCT(IFERROR((#REF!="Argentina")*#REF!,0)) -> 0 | BJ51: =SUMPRODUCT(IFERROR((#REF!="Argentina")*#REF!,0))+SUMPRODUCT(IFERROR((#REF!="Argentina")*#REF!,0)) -> 0 | BK51: =3*BC51+BD51 -> 0 | BL51: =BK51*1000000+BH51*10000+BF51*100+4 -> 4
AZ52: Austria | BA52: 🇦🇹 | BB52: =SUMPRODUCT(('DU DOAN'!$B$4:$B$107="Vòng bảng")*('DU DOAN'!$D$4:$D$107="J")*ISNUMBER('DU DOAN'!$K$4:$K$107)*ISNUMBER('DU DOAN'!$L$4:$L$107)*(('DU DOAN'!$H$4:$H$107="Austria")+('DU DOAN'!$I$4:$I$107="Austria"))) -> 0 | BC52: =SUMPRODUCT(('DU DOAN'!$B$4:$B$107="Vòng bảng")*('DU DOAN'!$D$4:$D$107="J")*ISNUMBER('DU DOAN'!$K$4:$K$107)*ISNUMBER('DU DOAN'!$L$4:$L$107)*(('DU DOAN'!$H$4:$H$107="Austria")*('DU DOAN'!$K$4:$K$107>'DU DOAN'!$L$4:$L$107)+('DU DOAN'!$I$4:$I$107="Austria")*('DU DOAN'!$L$4:$L$107>'DU DOAN'!$K$4:$K$107))) -> 0 | BD52: =SUMPRODUCT(('DU DOAN'!$B$4:$B$107="Vòng bảng")*('DU DOAN'!$D$4:$D$107="J")*ISNUMBER('DU DOAN'!$K$4:$K$107)*ISNUMBER('DU DOAN'!$L$4:$L$107)*(('DU DOAN'!$H$4:$H$107="Austria")*('DU DOAN'!$K$4:$K$107='DU DOAN'!$L$4:$L$107)+('DU DOAN'!$I$4:$I$107="Austria")*('DU DOAN'!$K$4:$K$107='DU DOAN'!$L$4:$L$107))) -> 0 | BE52: =SUMPRODUCT(('DU DOAN'!$B$4:$B$107="Vòng bảng")*('DU DOAN'!$D$4:$D$107="J")*ISNUMBER('DU DOAN'!$K$4:$K$107)*ISNUMBER('DU DOAN'!$L$4:$L$107)*(('DU DOAN'!$H$4:$H$107="Austria")*('DU DOAN'!$K$4:$K$107<'DU DOAN'!$L$4:$L$107)+('DU DOAN'!$I$4:$I$107="Austria")*('DU DOAN'!$L$4:$L$107<'DU DOAN'!$K$4:$K$107))) -> 0 | BF52: =SUMPRODUCT(('DU DOAN'!$B$4:$B$107="Vòng bảng")*('DU DOAN'!$D$4:$D$107="J")*ISNUMBER('DU DOAN'!$K$4:$K$107)*ISNUMBER('DU DOAN'!$L$4:$L$107)*(('DU DOAN'!$H$4:$H$107="Austria")*'DU DOAN'!$K$4:$K$107+('DU DOAN'!$I$4:$I$107="Austria")*'DU DOAN'!$L$4:$L$107)) -> 0 | BG52: =SUMPRODUCT(('DU DOAN'!$B$4:$B$107="Vòng bảng")*('DU DOAN'!$D$4:$D$107="J")*ISNUMBER('DU DOAN'!$K$4:$K$107)*ISNUMBER('DU DOAN'!$L$4:$L$107)*(('DU DOAN'!$H$4:$H$107="Austria")*'DU DOAN'!$L$4:$L$107+('DU DOAN'!$I$4:$I$107="Austria")*'DU DOAN'!$K$4:$K$107)) -> 0 | BH52: =BF52-BG52 -> 0 | BI52: =SUMPRODUCT(IFERROR((#REF!="Austria")*#REF!,0))+SUMPRODUCT(IFERROR((#REF!="Austria")*#REF!,0)) -> 0 | BJ52: =SUMPRODUCT(IFERROR((#REF!="Austria")*#REF!,0))+SUMPRODUCT(IFERROR((#REF!="Austria")*#REF!,0)) -> 0 | BK52: =3*BC52+BD52 -> 0 | BL52: =BK52*1000000+BH52*10000+BF52*100+3 -> 3
AZ53: Algeria | BA53: 🇩🇿 | BB53: =SUMPRODUCT(('DU DOAN'!$B$4:$B$107="Vòng bảng")*('DU DOAN'!$D$4:$D$107="J")*ISNUMBER('DU DOAN'!$K$4:$K$107)*ISNUMBER('DU DOAN'!$L$4:$L$107)*(('DU DOAN'!$H$4:$H$107="Algeria")+('DU DOAN'!$I$4:$I$107="Algeria"))) -> 0 | BC53: =SUMPRODUCT(('DU DOAN'!$B$4:$B$107="Vòng bảng")*('DU DOAN'!$D$4:$D$107="J")*ISNUMBER('DU DOAN'!$K$4:$K$107)*ISNUMBER('DU DOAN'!$L$4:$L$107)*(('DU DOAN'!$H$4:$H$107="Algeria")*('DU DOAN'!$K$4:$K$107>'DU DOAN'!$L$4:$L$107)+('DU DOAN'!$I$4:$I$107="Algeria")*('DU DOAN'!$L$4:$L$107>'DU DOAN'!$K$4:$K$107))) -> 0 | BD53: =SUMPRODUCT(('DU DOAN'!$B$4:$B$107="Vòng bảng")*('DU DOAN'!$D$4:$D$107="J")*ISNUMBER('DU DOAN'!$K$4:$K$107)*ISNUMBER('DU DOAN'!$L$4:$L$107)*(('DU DOAN'!$H$4:$H$107="Algeria")*('DU DOAN'!$K$4:$K$107='DU DOAN'!$L$4:$L$107)+('DU DOAN'!$I$4:$I$107="Algeria")*('DU DOAN'!$K$4:$K$107='DU DOAN'!$L$4:$L$107))) -> 0 | BE53: =SUMPRODUCT(('DU DOAN'!$B$4:$B$107="Vòng bảng")*('DU DOAN'!$D$4:$D$107="J")*ISNUMBER('DU DOAN'!$K$4:$K$107)*ISNUMBER('DU DOAN'!$L$4:$L$107)*(('DU DOAN'!$H$4:$H$107="Algeria")*('DU DOAN'!$K$4:$K$107<'DU DOAN'!$L$4:$L$107)+('DU DOAN'!$I$4:$I$107="Algeria")*('DU DOAN'!$L$4:$L$107<'DU DOAN'!$K$4:$K$107))) -> 0 | BF53: =SUMPRODUCT(('DU DOAN'!$B$4:$B$107="Vòng bảng")*('DU DOAN'!$D$4:$D$107="J")*ISNUMBER('DU DOAN'!$K$4:$K$107)*ISNUMBER('DU DOAN'!$L$4:$L$107)*(('DU DOAN'!$H$4:$H$107="Algeria")*'DU DOAN'!$K$4:$K$107+('DU DOAN'!$I$4:$I$107="Algeria")*'DU DOAN'!$L$4:$L$107)) -> 0 | BG53: =SUMPRODUCT(('DU DOAN'!$B$4:$B$107="Vòng bảng")*('DU DOAN'!$D$4:$D$107="J")*ISNUMBER('DU DOAN'!$K$4:$K$107)*ISNUMBER('DU DOAN'!$L$4:$L$107)*(('DU DOAN'!$H$4:$H$107="Algeria")*'DU DOAN'!$L$4:$L$107+('DU DOAN'!$I$4:$I$107="Algeria")*'DU DOAN'!$K$4:$K$107)) -> 0 | BH53: =BF53-BG53 -> 0 | BI53: =SUMPRODUCT(IFERROR((#REF!="Algeria")*#REF!,0))+SUMPRODUCT(IFERROR((#REF!="Algeria")*#REF!,0)) -> 0 | BJ53: =SUMPRODUCT(IFERROR((#REF!="Algeria")*#REF!,0))+SUMPRODUCT(IFERROR((#REF!="Algeria")*#REF!,0)) -> 0 | BK53: =3*BC53+BD53 -> 0 | BL53: =BK53*1000000+BH53*10000+BF53*100+2 -> 2
AZ54: Jordan | BA54: 🇯🇴 | BB54: =SUMPRODUCT(('DU DOAN'!$B$4:$B$107="Vòng bảng")*('DU DOAN'!$D$4:$D$107="J")*ISNUMBER('DU DOAN'!$K$4:$K$107)*ISNUMBER('DU DOAN'!$L$4:$L$107)*(('DU DOAN'!$H$4:$H$107="Jordan")+('DU DOAN'!$I$4:$I$107="Jordan"))) -> 0 | BC54: =SUMPRODUCT(('DU DOAN'!$B$4:$B$107="Vòng bảng")*('DU DOAN'!$D$4:$D$107="J")*ISNUMBER('DU DOAN'!$K$4:$K$107)*ISNUMBER('DU DOAN'!$L$4:$L$107)*(('DU DOAN'!$H$4:$H$107="Jordan")*('DU DOAN'!$K$4:$K$107>'DU DOAN'!$L$4:$L$107)+('DU DOAN'!$I$4:$I$107="Jordan")*('DU DOAN'!$L$4:$L$107>'DU DOAN'!$K$4:$K$107))) -> 0 | BD54: =SUMPRODUCT(('DU DOAN'!$B$4:$B$107="Vòng bảng")*('DU DOAN'!$D$4:$D$107="J")*ISNUMBER('DU DOAN'!$K$4:$K$107)*ISNUMBER('DU DOAN'!$L$4:$L$107)*(('DU DOAN'!$H$4:$H$107="Jordan")*('DU DOAN'!$K$4:$K$107='DU DOAN'!$L$4:$L$107)+('DU DOAN'!$I$4:$I$107="Jordan")*('DU DOAN'!$K$4:$K$107='DU DOAN'!$L$4:$L$107))) -> 0 | BE54: =SUMPRODUCT(('DU DOAN'!$B$4:$B$107="Vòng bảng")*('DU DOAN'!$D$4:$D$107="J")*ISNUMBER('DU DOAN'!$K$4:$K$107)*ISNUMBER('DU DOAN'!$L$4:$L$107)*(('DU DOAN'!$H$4:$H$107="Jordan")*('DU DOAN'!$K$4:$K$107<'DU DOAN'!$L$4:$L$107)+('DU DOAN'!$I$4:$I$107="Jordan")*('DU DOAN'!$L$4:$L$107<'DU DOAN'!$K$4:$K$107))) -> 0 | BF54: =SUMPRODUCT(('DU DOAN'!$B$4:$B$107="Vòng bảng")*('DU DOAN'!$D$4:$D$107="J")*ISNUMBER('DU DOAN'!$K$4:$K$107)*ISNUMBER('DU DOAN'!$L$4:$L$107)*(('DU DOAN'!$H$4:$H$107="Jordan")*'DU DOAN'!$K$4:$K$107+('DU DOAN'!$I$4:$I$107="Jordan")*'DU DOAN'!$L$4:$L$107)) -> 0 | BG54: =SUMPRODUCT(('DU DOAN'!$B$4:$B$107="Vòng bảng")*('DU DOAN'!$D$4:$D$107="J")*ISNUMBER('DU DOAN'!$K$4:$K$107)*ISNUMBER('DU DOAN'!$L$4:$L$107)*(('DU DOAN'!$H$4:$H$107="Jordan")*'DU DOAN'!$L$4:$L$107+('DU DOAN'!$I$4:$I$107="Jordan")*'DU DOAN'!$K$4:$K$107)) -> 0 | BH54: =BF54-BG54 -> 0 | BI54: =SUMPRODUCT(IFERROR((#REF!="Jordan")*#REF!,0))+SUMPRODUCT(IFERROR((#REF!="Jordan")*#REF!,0)) -> 0 | BJ54: =SUMPRODUCT(IFERROR((#REF!="Jordan")*#REF!,0))+SUMPRODUCT(IFERROR((#REF!="Jordan")*#REF!,0)) -> 0 | BK54: =3*BC54+BD54 -> 0 | BL54: =BK54*1000000+BH54*10000+BF54*100+1 -> 1
AY56: K | AZ56: Portugal | BA56: 🇵🇹 | BB56: =SUMPRODUCT(('DU DOAN'!$B$4:$B$107="Vòng bảng")*('DU DOAN'!$D$4:$D$107="K")*ISNUMBER('DU DOAN'!$K$4:$K$107)*ISNUMBER('DU DOAN'!$L$4:$L$107)*(('DU DOAN'!$H$4:$H$107="Portugal")+('DU DOAN'!$I$4:$I$107="Portugal"))) -> 0 | BC56: =SUMPRODUCT(('DU DOAN'!$B$4:$B$107="Vòng bảng")*('DU DOAN'!$D$4:$D$107="K")*ISNUMBER('DU DOAN'!$K$4:$K$107)*ISNUMBER('DU DOAN'!$L$4:$L$107)*(('DU DOAN'!$H$4:$H$107="Portugal")*('DU DOAN'!$K$4:$K$107>'DU DOAN'!$L$4:$L$107)+('DU DOAN'!$I$4:$I$107="Portugal")*('DU DOAN'!$L$4:$L$107>'DU DOAN'!$K$4:$K$107))) -> 0 | BD56: =SUMPRODUCT(('DU DOAN'!$B$4:$B$107="Vòng bảng")*('DU DOAN'!$D$4:$D$107="K")*ISNUMBER('DU DOAN'!$K$4:$K$107)*ISNUMBER('DU DOAN'!$L$4:$L$107)*(('DU DOAN'!$H$4:$H$107="Portugal")*('DU DOAN'!$K$4:$K$107='DU DOAN'!$L$4:$L$107)+('DU DOAN'!$I$4:$I$107="Portugal")*('DU DOAN'!$K$4:$K$107='DU DOAN'!$L$4:$L$107))) -> 0 | BE56: =SUMPRODUCT(('DU DOAN'!$B$4:$B$107="Vòng bảng")*('DU DOAN'!$D$4:$D$107="K")*ISNUMBER('DU DOAN'!$K$4:$K$107)*ISNUMBER('DU DOAN'!$L$4:$L$107)*(('DU DOAN'!$H$4:$H$107="Portugal")*('DU DOAN'!$K$4:$K$107<'DU DOAN'!$L$4:$L$107)+('DU DOAN'!$I$4:$I$107="Portugal")*('DU DOAN'!$L$4:$L$107<'DU DOAN'!$K$4:$K$107))) -> 0 | BF56: =SUMPRODUCT(('DU DOAN'!$B$4:$B$107="Vòng bảng")*('DU DOAN'!$D$4:$D$107="K")*ISNUMBER('DU DOAN'!$K$4:$K$107)*ISNUMBER('DU DOAN'!$L$4:$L$107)*(('DU DOAN'!$H$4:$H$107="Portugal")*'DU DOAN'!$K$4:$K$107+('DU DOAN'!$I$4:$I$107="Portugal")*'DU DOAN'!$L$4:$L$107)) -> 0 | BG56: =SUMPRODUCT(('DU DOAN'!$B$4:$B$107="Vòng bảng")*('DU DOAN'!$D$4:$D$107="K")*ISNUMBER('DU DOAN'!$K$4:$K$107)*ISNUMBER('DU DOAN'!$L$4:$L$107)*(('DU DOAN'!$H$4:$H$107="Portugal")*'DU DOAN'!$L$4:$L$107+('DU DOAN'!$I$4:$I$107="Portugal")*'DU DOAN'!$K$4:$K$107)) -> 0 | BH56: =BF56-BG56 -> 0 | BI56: =SUMPRODUCT(IFERROR((#REF!="Portugal")*#REF!,0))+SUMPRODUCT(IFERROR((#REF!="Portugal")*#REF!,0)) -> 0 | BJ56: =SUMPRODUCT(IFERROR((#REF!="Portugal")*#REF!,0))+SUMPRODUCT(IFERROR((#REF!="Portugal")*#REF!,0)) -> 0 | BK56: =3*BC56+BD56 -> 0 | BL56: =BK56*1000000+BH56*10000+BF56*100+4 -> 4
AZ57: Colombia | BA57: 🇨🇴 | BB57: =SUMPRODUCT(('DU DOAN'!$B$4:$B$107="Vòng bảng")*('DU DOAN'!$D$4:$D$107="K")*ISNUMBER('DU DOAN'!$K$4:$K$107)*ISNUMBER('DU DOAN'!$L$4:$L$107)*(('DU DOAN'!$H$4:$H$107="Colombia")+('DU DOAN'!$I$4:$I$107="Colombia"))) -> 0 | BC57: =SUMPRODUCT(('DU DOAN'!$B$4:$B$107="Vòng bảng")*('DU DOAN'!$D$4:$D$107="K")*ISNUMBER('DU DOAN'!$K$4:$K$107)*ISNUMBER('DU DOAN'!$L$4:$L$107)*(('DU DOAN'!$H$4:$H$107="Colombia")*('DU DOAN'!$K$4:$K$107>'DU DOAN'!$L$4:$L$107)+('DU DOAN'!$I$4:$I$107="Colombia")*('DU DOAN'!$L$4:$L$107>'DU DOAN'!$K$4:$K$107))) -> 0 | BD57: =SUMPRODUCT(('DU DOAN'!$B$4:$B$107="Vòng bảng")*('DU DOAN'!$D$4:$D$107="K")*ISNUMBER('DU DOAN'!$K$4:$K$107)*ISNUMBER('DU DOAN'!$L$4:$L$107)*(('DU DOAN'!$H$4:$H$107="Colombia")*('DU DOAN'!$K$4:$K$107='DU DOAN'!$L$4:$L$107)+('DU DOAN'!$I$4:$I$107="Colombia")*('DU DOAN'!$K$4:$K$107='DU DOAN'!$L$4:$L$107))) -> 0 | BE57: =SUMPRODUCT(('DU DOAN'!$B$4:$B$107="Vòng bảng")*('DU DOAN'!$D$4:$D$107="K")*ISNUMBER('DU DOAN'!$K$4:$K$107)*ISNUMBER('DU DOAN'!$L$4:$L$107)*(('DU DOAN'!$H$4:$H$107="Colombia")*('DU DOAN'!$K$4:$K$107<'DU DOAN'!$L$4:$L$107)+('DU DOAN'!$I$4:$I$107="Colombia")*('DU DOAN'!$L$4:$L$107<'DU DOAN'!$K$4:$K$107))) -> 0 | BF57: =SUMPRODUCT(('DU DOAN'!$B$4:$B$107="Vòng bảng")*('DU DOAN'!$D$4:$D$107="K")*ISNUMBER('DU DOAN'!$K$4:$K$107)*ISNUMBER('DU DOAN'!$L$4:$L$107)*(('DU DOAN'!$H$4:$H$107="Colombia")*'DU DOAN'!$K$4:$K$107+('DU DOAN'!$I$4:$I$107="Colombia")*'DU DOAN'!$L$4:$L$107)) -> 0 | BG57: =SUMPRODUCT(('DU DOAN'!$B$4:$B$107="Vòng bảng")*('DU DOAN'!$D$4:$D$107="K")*ISNUMBER('DU DOAN'!$K$4:$K$107)*ISNUMBER('DU DOAN'!$L$4:$L$107)*(('DU DOAN'!$H$4:$H$107="Colombia")*'DU DOAN'!$L$4:$L$107+('DU DOAN'!$I$4:$I$107="Colombia")*'DU DOAN'!$K$4:$K$107)) -> 0 | BH57: =BF57-BG57 -> 0 | BI57: =SUMPRODUCT(IFERROR((#REF!="Colombia")*#REF!,0))+SUMPRODUCT(IFERROR((#REF!="Colombia")*#REF!,0)) -> 0 | BJ57: =SUMPRODUCT(IFERROR((#REF!="Colombia")*#REF!,0))+SUMPRODUCT(IFERROR((#REF!="Colombia")*#REF!,0)) -> 0 | BK57: =3*BC57+BD57 -> 0 | BL57: =BK57*1000000+BH57*10000+BF57*100+3 -> 3
AZ58: Uzbekistan | BA58: 🇺🇿 | BB58: =SUMPRODUCT(('DU DOAN'!$B$4:$B$107="Vòng bảng")*('DU DOAN'!$D$4:$D$107="K")*ISNUMBER('DU DOAN'!$K$4:$K$107)*ISNUMBER('DU DOAN'!$L$4:$L$107)*(('DU DOAN'!$H$4:$H$107="Uzbekistan")+('DU DOAN'!$I$4:$I$107="Uzbekistan"))) -> 0 | BC58: =SUMPRODUCT(('DU DOAN'!$B$4:$B$107="Vòng bảng")*('DU DOAN'!$D$4:$D$107="K")*ISNUMBER('DU DOAN'!$K$4:$K$107)*ISNUMBER('DU DOAN'!$L$4:$L$107)*(('DU DOAN'!$H$4:$H$107="Uzbekistan")*('DU DOAN'!$K$4:$K$107>'DU DOAN'!$L$4:$L$107)+('DU DOAN'!$I$4:$I$107="Uzbekistan")*('DU DOAN'!$L$4:$L$107>'DU DOAN'!$K$4:$K$107))) -> 0 | BD58: =SUMPRODUCT(('DU DOAN'!$B$4:$B$107="Vòng bảng")*('DU DOAN'!$D$4:$D$107="K")*ISNUMBER('DU DOAN'!$K$4:$K$107)*ISNUMBER('DU DOAN'!$L$4:$L$107)*(('DU DOAN'!$H$4:$H$107="Uzbekistan")*('DU DOAN'!$K$4:$K$107='DU DOAN'!$L$4:$L$107)+('DU DOAN'!$I$4:$I$107="Uzbekistan")*('DU DOAN'!$K$4:$K$107='DU DOAN'!$L$4:$L$107))) -> 0 | BE58: =SUMPRODUCT(('DU DOAN'!$B$4:$B$107="Vòng bảng")*('DU DOAN'!$D$4:$D$107="K")*ISNUMBER('DU DOAN'!$K$4:$K$107)*ISNUMBER('DU DOAN'!$L$4:$L$107)*(('DU DOAN'!$H$4:$H$107="Uzbekistan")*('DU DOAN'!$K$4:$K$107<'DU DOAN'!$L$4:$L$107)+('DU DOAN'!$I$4:$I$107="Uzbekistan")*('DU DOAN'!$L$4:$L$107<'DU DOAN'!$K$4:$K$107))) -> 0 | BF58: =SUMPRODUCT(('DU DOAN'!$B$4:$B$107="Vòng bảng")*('DU DOAN'!$D$4:$D$107="K")*ISNUMBER('DU DOAN'!$K$4:$K$107)*ISNUMBER('DU DOAN'!$L$4:$L$107)*(('DU DOAN'!$H$4:$H$107="Uzbekistan")*'DU DOAN'!$K$4:$K$107+('DU DOAN'!$I$4:$I$107="Uzbekistan")*'DU DOAN'!$L$4:$L$107)) -> 0 | BG58: =SUMPRODUCT(('DU DOAN'!$B$4:$B$107="Vòng bảng")*('DU DOAN'!$D$4:$D$107="K")*ISNUMBER('DU DOAN'!$K$4:$K$107)*ISNUMBER('DU DOAN'!$L$4:$L$107)*(('DU DOAN'!$H$4:$H$107="Uzbekistan")*'DU DOAN'!$L$4:$L$107+('DU DOAN'!$I$4:$I$107="Uzbekistan")*'DU DOAN'!$K$4:$K$107)) -> 0 | BH58: =BF58-BG58 -> 0 | BI58: =SUMPRODUCT(IFERROR((#REF!="Uzbekistan")*#REF!,0))+SUMPRODUCT(IFERROR((#REF!="Uzbekistan")*#REF!,0)) -> 0 | BJ58: =SUMPRODUCT(IFERROR((#REF!="Uzbekistan")*#REF!,0))+SUMPRODUCT(IFERROR((#REF!="Uzbekistan")*#REF!,0)) -> 0 | BK58: =3*BC58+BD58 -> 0 | BL58: =BK58*1000000+BH58*10000+BF58*100+2 -> 2
AZ59: DR Congo | BA59: 🇨🇩 | BB59: =SUMPRODUCT(('DU DOAN'!$B$4:$B$107="Vòng bảng")*('DU DOAN'!$D$4:$D$107="K")*ISNUMBER('DU DOAN'!$K$4:$K$107)*ISNUMBER('DU DOAN'!$L$4:$L$107)*(('DU DOAN'!$H$4:$H$107="DR Congo")+('DU DOAN'!$I$4:$I$107="DR Congo"))) -> 0 | BC59: =SUMPRODUCT(('DU DOAN'!$B$4:$B$107="Vòng bảng")*('DU DOAN'!$D$4:$D$107="K")*ISNUMBER('DU DOAN'!$K$4:$K$107)*ISNUMBER('DU DOAN'!$L$4:$L$107)*(('DU DOAN'!$H$4:$H$107="DR Congo")*('DU DOAN'!$K$4:$K$107>'DU DOAN'!$L$4:$L$107)+('DU DOAN'!$I$4:$I$107="DR Congo")*('DU DOAN'!$L$4:$L$107>'DU DOAN'!$K$4:$K$107))) -> 0 | BD59: =SUMPRODUCT(('DU DOAN'!$B$4:$B$107="Vòng bảng")*('DU DOAN'!$D$4:$D$107="K")*ISNUMBER('DU DOAN'!$K$4:$K$107)*ISNUMBER('DU DOAN'!$L$4:$L$107)*(('DU DOAN'!$H$4:$H$107="DR Congo")*('DU DOAN'!$K$4:$K$107='DU DOAN'!$L$4:$L$107)+('DU DOAN'!$I$4:$I$107="DR Congo")*('DU DOAN'!$K$4:$K$107='DU DOAN'!$L$4:$L$107))) -> 0 | BE59: =SUMPRODUCT(('DU DOAN'!$B$4:$B$107="Vòng bảng")*('DU DOAN'!$D$4:$D$107="K")*ISNUMBER('DU DOAN'!$K$4:$K$107)*ISNUMBER('DU DOAN'!$L$4:$L$107)*(('DU DOAN'!$H$4:$H$107="DR Congo")*('DU DOAN'!$K$4:$K$107<'DU DOAN'!$L$4:$L$107)+('DU DOAN'!$I$4:$I$107="DR Congo")*('DU DOAN'!$L$4:$L$107<'DU DOAN'!$K$4:$K$107))) -> 0 | BF59: =SUMPRODUCT(('DU DOAN'!$B$4:$B$107="Vòng bảng")*('DU DOAN'!$D$4:$D$107="K")*ISNUMBER('DU DOAN'!$K$4:$K$107)*ISNUMBER('DU DOAN'!$L$4:$L$107)*(('DU DOAN'!$H$4:$H$107="DR Congo")*'DU DOAN'!$K$4:$K$107+('DU DOAN'!$I$4:$I$107="DR Congo")*'DU DOAN'!$L$4:$L$107)) -> 0 | BG59: =SUMPRODUCT(('DU DOAN'!$B$4:$B$107="Vòng bảng")*('DU DOAN'!$D$4:$D$107="K")*ISNUMBER('DU DOAN'!$K$4:$K$107)*ISNUMBER('DU DOAN'!$L$4:$L$107)*(('DU DOAN'!$H$4:$H$107="DR Congo")*'DU DOAN'!$L$4:$L$107+('DU DOAN'!$I$4:$I$107="DR Congo")*'DU DOAN'!$K$4:$K$107)) -> 0 | BH59: =BF59-BG59 -> 0 | BI59: =SUMPRODUCT(IFERROR((#REF!="DR Congo")*#REF!,0))+SUMPRODUCT(IFERROR((#REF!="DR Congo")*#REF!,0)) -> 0 | BJ59: =SUMPRODUCT(IFERROR((#REF!="DR Congo")*#REF!,0))+SUMPRODUCT(IFERROR((#REF!="DR Congo")*#REF!,0)) -> 0 | BK59: =3*BC59+BD59 -> 0 | BL59: =BK59*1000000+BH59*10000+BF59*100+1 -> 1
AY61: L | AZ61: England | BA61: 🏴󠁧󠁢󠁥󠁮󠁧󠁿 | BB61: =SUMPRODUCT(('DU DOAN'!$B$4:$B$107="Vòng bảng")*('DU DOAN'!$D$4:$D$107="L")*ISNUMBER('DU DOAN'!$K$4:$K$107)*ISNUMBER('DU DOAN'!$L$4:$L$107)*(('DU DOAN'!$H$4:$H$107="England")+('DU DOAN'!$I$4:$I$107="England"))) -> 0 | BC61: =SUMPRODUCT(('DU DOAN'!$B$4:$B$107="Vòng bảng")*('DU DOAN'!$D$4:$D$107="L")*ISNUMBER('DU DOAN'!$K$4:$K$107)*ISNUMBER('DU DOAN'!$L$4:$L$107)*(('DU DOAN'!$H$4:$H$107="England")*('DU DOAN'!$K$4:$K$107>'DU DOAN'!$L$4:$L$107)+('DU DOAN'!$I$4:$I$107="England")*('DU DOAN'!$L$4:$L$107>'DU DOAN'!$K$4:$K$107))) -> 0 | BD61: =SUMPRODUCT(('DU DOAN'!$B$4:$B$107="Vòng bảng")*('DU DOAN'!$D$4:$D$107="L")*ISNUMBER('DU DOAN'!$K$4:$K$107)*ISNUMBER('DU DOAN'!$L$4:$L$107)*(('DU DOAN'!$H$4:$H$107="England")*('DU DOAN'!$K$4:$K$107='DU DOAN'!$L$4:$L$107)+('DU DOAN'!$I$4:$I$107="England")*('DU DOAN'!$K$4:$K$107='DU DOAN'!$L$4:$L$107))) -> 0 | BE61: =SUMPRODUCT(('DU DOAN'!$B$4:$B$107="Vòng bảng")*('DU DOAN'!$D$4:$D$107="L")*ISNUMBER('DU DOAN'!$K$4:$K$107)*ISNUMBER('DU DOAN'!$L$4:$L$107)*(('DU DOAN'!$H$4:$H$107="England")*('DU DOAN'!$K$4:$K$107<'DU DOAN'!$L$4:$L$107)+('DU DOAN'!$I$4:$I$107="England")*('DU DOAN'!$L$4:$L$107<'DU DOAN'!$K$4:$K$107))) -> 0 | BF61: =SUMPRODUCT(('DU DOAN'!$B$4:$B$107="Vòng bảng")*('DU DOAN'!$D$4:$D$107="L")*ISNUMBER('DU DOAN'!$K$4:$K$107)*ISNUMBER('DU DOAN'!$L$4:$L$107)*(('DU DOAN'!$H$4:$H$107="England")*'DU DOAN'!$K$4:$K$107+('DU DOAN'!$I$4:$I$107="England")*'DU DOAN'!$L$4:$L$107)) -> 0 | BG61: =SUMPRODUCT(('DU DOAN'!$B$4:$B$107="Vòng bảng")*('DU DOAN'!$D$4:$D$107="L")*ISNUMBER('DU DOAN'!$K$4:$K$107)*ISNUMBER('DU DOAN'!$L$4:$L$107)*(('DU DOAN'!$H$4:$H$107="England")*'DU DOAN'!$L$4:$L$107+('DU DOAN'!$I$4:$I$107="England")*'DU DOAN'!$K$4:$K$107)) -> 0 | BH61: =BF61-BG61 -> 0 | BI61: =SUMPRODUCT(IFERROR((#REF!="England")*#REF!,0))+SUMPRODUCT(IFERROR((#REF!="England")*#REF!,0)) -> 0 | BJ61: =SUMPRODUCT(IFERROR((#REF!="England")*#REF!,0))+SUMPRODUCT(IFERROR((#REF!="England")*#REF!,0)) -> 0 | BK61: =3*BC61+BD61 -> 0 | BL61: =BK61*1000000+BH61*10000+BF61*100+4 -> 4
AZ62: Croatia | BA62: 🇭🇷 | BB62: =SUMPRODUCT(('DU DOAN'!$B$4:$B$107="Vòng bảng")*('DU DOAN'!$D$4:$D$107="L")*ISNUMBER('DU DOAN'!$K$4:$K$107)*ISNUMBER('DU DOAN'!$L$4:$L$107)*(('DU DOAN'!$H$4:$H$107="Croatia")+('DU DOAN'!$I$4:$I$107="Croatia"))) -> 0 | BC62: =SUMPRODUCT(('DU DOAN'!$B$4:$B$107="Vòng bảng")*('DU DOAN'!$D$4:$D$107="L")*ISNUMBER('DU DOAN'!$K$4:$K$107)*ISNUMBER('DU DOAN'!$L$4:$L$107)*(('DU DOAN'!$H$4:$H$107="Croatia")*('DU DOAN'!$K$4:$K$107>'DU DOAN'!$L$4:$L$107)+('DU DOAN'!$I$4:$I$107="Croatia")*('DU DOAN'!$L$4:$L$107>'DU DOAN'!$K$4:$K$107))) -> 0 | BD62: =SUMPRODUCT(('DU DOAN'!$B$4:$B$107="Vòng bảng")*('DU DOAN'!$D$4:$D$107="L")*ISNUMBER('DU DOAN'!$K$4:$K$107)*ISNUMBER('DU DOAN'!$L$4:$L$107)*(('DU DOAN'!$H$4:$H$107="Croatia")*('DU DOAN'!$K$4:$K$107='DU DOAN'!$L$4:$L$107)+('DU DOAN'!$I$4:$I$107="Croatia")*('DU DOAN'!$K$4:$K$107='DU DOAN'!$L$4:$L$107))) -> 0 | BE62: =SUMPRODUCT(('DU DOAN'!$B$4:$B$107="Vòng bảng")*('DU DOAN'!$D$4:$D$107="L")*ISNUMBER('DU DOAN'!$K$4:$K$107)*ISNUMBER('DU DOAN'!$L$4:$L$107)*(('DU DOAN'!$H$4:$H$107="Croatia")*('DU DOAN'!$K$4:$K$107<'DU DOAN'!$L$4:$L$107)+('DU DOAN'!$I$4:$I$107="Croatia")*('DU DOAN'!$L$4:$L$107<'DU DOAN'!$K$4:$K$107))) -> 0 | BF62: =SUMPRODUCT(('DU DOAN'!$B$4:$B$107="Vòng bảng")*('DU DOAN'!$D$4:$D$107="L")*ISNUMBER('DU DOAN'!$K$4:$K$107)*ISNUMBER('DU DOAN'!$L$4:$L$107)*(('DU DOAN'!$H$4:$H$107="Croatia")*'DU DOAN'!$K$4:$K$107+('DU DOAN'!$I$4:$I$107="Croatia")*'DU DOAN'!$L$4:$L$107)) -> 0 | BG62: =SUMPRODUCT(('DU DOAN'!$B$4:$B$107="Vòng bảng")*('DU DOAN'!$D$4:$D$107="L")*ISNUMBER('DU DOAN'!$K$4:$K$107)*ISNUMBER('DU DOAN'!$L$4:$L$107)*(('DU DOAN'!$H$4:$H$107="Croatia")*'DU DOAN'!$L$4:$L$107+('DU DOAN'!$I$4:$I$107="Croatia")*'DU DOAN'!$K$4:$K$107)) -> 0 | BH62: =BF62-BG62 -> 0 | BI62: =SUMPRODUCT(IFERROR((#REF!="Croatia")*#REF!,0))+SUMPRODUCT(IFERROR((#REF!="Croatia")*#REF!,0)) -> 0 | BJ62: =SUMPRODUCT(IFERROR((#REF!="Croatia")*#REF!,0))+SUMPRODUCT(IFERROR((#REF!="Croatia")*#REF!,0)) -> 0 | BK62: =3*BC62+BD62 -> 0 | BL62: =BK62*1000000+BH62*10000+BF62*100+3 -> 3
AZ63: Ghana | BA63: 🇬🇭 | BB63: =SUMPRODUCT(('DU DOAN'!$B$4:$B$107="Vòng bảng")*('DU DOAN'!$D$4:$D$107="L")*ISNUMBER('DU DOAN'!$K$4:$K$107)*ISNUMBER('DU DOAN'!$L$4:$L$107)*(('DU DOAN'!$H$4:$H$107="Ghana")+('DU DOAN'!$I$4:$I$107="Ghana"))) -> 0 | BC63: =SUMPRODUCT(('DU DOAN'!$B$4:$B$107="Vòng bảng")*('DU DOAN'!$D$4:$D$107="L")*ISNUMBER('DU DOAN'!$K$4:$K$107)*ISNUMBER('DU DOAN'!$L$4:$L$107)*(('DU DOAN'!$H$4:$H$107="Ghana")*('DU DOAN'!$K$4:$K$107>'DU DOAN'!$L$4:$L$107)+('DU DOAN'!$I$4:$I$107="Ghana")*('DU DOAN'!$L$4:$L$107>'DU DOAN'!$K$4:$K$107))) -> 0 | BD63: =SUMPRODUCT(('DU DOAN'!$B$4:$B$107="Vòng bảng")*('DU DOAN'!$D$4:$D$107="L")*ISNUMBER('DU DOAN'!$K$4:$K$107)*ISNUMBER('DU DOAN'!$L$4:$L$107)*(('DU DOAN'!$H$4:$H$107="Ghana")*('DU DOAN'!$K$4:$K$107='DU DOAN'!$L$4:$L$107)+('DU DOAN'!$I$4:$I$107="Ghana")*('DU DOAN'!$K$4:$K$107='DU DOAN'!$L$4:$L$107))) -> 0 | BE63: =SUMPRODUCT(('DU DOAN'!$B$4:$B$107="Vòng bảng")*('DU DOAN'!$D$4:$D$107="L")*ISNUMBER('DU DOAN'!$K$4:$K$107)*ISNUMBER('DU DOAN'!$L$4:$L$107)*(('DU DOAN'!$H$4:$H$107="Ghana")*('DU DOAN'!$K$4:$K$107<'DU DOAN'!$L$4:$L$107)+('DU DOAN'!$I$4:$I$107="Ghana")*('DU DOAN'!$L$4:$L$107<'DU DOAN'!$K$4:$K$107))) -> 0 | BF63: =SUMPRODUCT(('DU DOAN'!$B$4:$B$107="Vòng bảng")*('DU DOAN'!$D$4:$D$107="L")*ISNUMBER('DU DOAN'!$K$4:$K$107)*ISNUMBER('DU DOAN'!$L$4:$L$107)*(('DU DOAN'!$H$4:$H$107="Ghana")*'DU DOAN'!$K$4:$K$107+('DU DOAN'!$I$4:$I$107="Ghana")*'DU DOAN'!$L$4:$L$107)) -> 0 | BG63: =SUMPRODUCT(('DU DOAN'!$B$4:$B$107="Vòng bảng")*('DU DOAN'!$D$4:$D$107="L")*ISNUMBER('DU DOAN'!$K$4:$K$107)*ISNUMBER('DU DOAN'!$L$4:$L$107)*(('DU DOAN'!$H$4:$H$107="Ghana")*'DU DOAN'!$L$4:$L$107+('DU DOAN'!$I$4:$I$107="Ghana")*'DU DOAN'!$K$4:$K$107)) -> 0 | BH63: =BF63-BG63 -> 0 | BI63: =SUMPRODUCT(IFERROR((#REF!="Ghana")*#REF!,0))+SUMPRODUCT(IFERROR((#REF!="Ghana")*#REF!,0)) -> 0 | BJ63: =SUMPRODUCT(IFERROR((#REF!="Ghana")*#REF!,0))+SUMPRODUCT(IFERROR((#REF!="Ghana")*#REF!,0)) -> 0 | BK63: =3*BC63+BD63 -> 0 | BL63: =BK63*1000000+BH63*10000+BF63*100+2 -> 2
AZ64: Panama | BA64: 🇵🇦 | BB64: =SUMPRODUCT(('DU DOAN'!$B$4:$B$107="Vòng bảng")*('DU DOAN'!$D$4:$D$107="L")*ISNUMBER('DU DOAN'!$K$4:$K$107)*ISNUMBER('DU DOAN'!$L$4:$L$107)*(('DU DOAN'!$H$4:$H$107="Panama")+('DU DOAN'!$I$4:$I$107="Panama"))) -> 0 | BC64: =SUMPRODUCT(('DU DOAN'!$B$4:$B$107="Vòng bảng")*('DU DOAN'!$D$4:$D$107="L")*ISNUMBER('DU DOAN'!$K$4:$K$107)*ISNUMBER('DU DOAN'!$L$4:$L$107)*(('DU DOAN'!$H$4:$H$107="Panama")*('DU DOAN'!$K$4:$K$107>'DU DOAN'!$L$4:$L$107)+('DU DOAN'!$I$4:$I$107="Panama")*('DU DOAN'!$L$4:$L$107>'DU DOAN'!$K$4:$K$107))) -> 0 | BD64: =SUMPRODUCT(('DU DOAN'!$B$4:$B$107="Vòng bảng")*('DU DOAN'!$D$4:$D$107="L")*ISNUMBER('DU DOAN'!$K$4:$K$107)*ISNUMBER('DU DOAN'!$L$4:$L$107)*(('DU DOAN'!$H$4:$H$107="Panama")*('DU DOAN'!$K$4:$K$107='DU DOAN'!$L$4:$L$107)+('DU DOAN'!$I$4:$I$107="Panama")*('DU DOAN'!$K$4:$K$107='DU DOAN'!$L$4:$L$107))) -> 0 | BE64: =SUMPRODUCT(('DU DOAN'!$B$4:$B$107="Vòng bảng")*('DU DOAN'!$D$4:$D$107="L")*ISNUMBER('DU DOAN'!$K$4:$K$107)*ISNUMBER('DU DOAN'!$L$4:$L$107)*(('DU DOAN'!$H$4:$H$107="Panama")*('DU DOAN'!$K$4:$K$107<'DU DOAN'!$L$4:$L$107)+('DU DOAN'!$I$4:$I$107="Panama")*('DU DOAN'!$L$4:$L$107<'DU DOAN'!$K$4:$K$107))) -> 0 | BF64: =SUMPRODUCT(('DU DOAN'!$B$4:$B$107="Vòng bảng")*('DU DOAN'!$D$4:$D$107="L")*ISNUMBER('DU DOAN'!$K$4:$K$107)*ISNUMBER('DU DOAN'!$L$4:$L$107)*(('DU DOAN'!$H$4:$H$107="Panama")*'DU DOAN'!$K$4:$K$107+('DU DOAN'!$I$4:$I$107="Panama")*'DU DOAN'!$L$4:$L$107)) -> 0 | BG64: =SUMPRODUCT(('DU DOAN'!$B$4:$B$107="Vòng bảng")*('DU DOAN'!$D$4:$D$107="L")*ISNUMBER('DU DOAN'!$K$4:$K$107)*ISNUMBER('DU DOAN'!$L$4:$L$107)*(('DU DOAN'!$H$4:$H$107="Panama")*'DU DOAN'!$L$4:$L$107+('DU DOAN'!$I$4:$I$107="Panama")*'DU DOAN'!$K$4:$K$107)) -> 0 | BH64: =BF64-BG64 -> 0 | BI64: =SUMPRODUCT(IFERROR((#REF!="Panama")*#REF!,0))+SUMPRODUCT(IFERROR((#REF!="Panama")*#REF!,0)) -> 0 | BJ64: =SUMPRODUCT(IFERROR((#REF!="Panama")*#REF!,0))+SUMPRODUCT(IFERROR((#REF!="Panama")*#REF!,0)) -> 0 | BK64: =3*BC64+BD64 -> 0 | BL64: =BK64*1000000+BH64*10000+BF64*100+1 -> 1

Sheet NGUOI CHOI
A1: DANH SÁCH 100 NGƯỜI CHƠI
A2: ⚠️ Cột EMAIL bắt buộc — hệ thống dùng để phân quyền + gửi nhắc nhở
A3: STT | B3: Họ và tên | C3: Email (bắt buộc) | D3: Ghi chú / Biệt danh
A4: 1 | B4: Người chơi 1
A5: 2 | B5: Người chơi 2
A6: 3 | B6: Người chơi 3
A7: 4 | B7: Người chơi 4
A8: 5 | B8: Người chơi 5
A9: 6 | B9: Người chơi 6
A10: 7 | B10: Người chơi 7
A11: 8 | B11: Người chơi 8
A12: 9 | B12: Người chơi 9
A13: 10 | B13: Người chơi 10
A14: 11 | B14: Người chơi 11
A15: 12 | B15: Người chơi 12
... A103: 100 | B103: Người chơi 100

Sheet DU DOAN
A1: LỊCH THI ĐẤU FIFA & DỰ ĐOÁN — WORLD CUP 2026 (100 người chơi, Giờ VN GMT+7)
A2: THÔNG TIN TRẬN ĐẤU & KẾT QUẢ | M2: ='NGUOI CHOI'!B4 -> Người chơi 1 | O2: ='NGUOI CHOI'!B5 -> Người chơi 2 | Q2: ='NGUOI CHOI'!B6 -> Người chơi 3 | S2: ='NGUOI CHOI'!B7 -> Người chơi 4 | U2: ='NGUOI CHOI'!B8 -> Người chơi 5 | W2: ='NGUOI CHOI'!B9 -> Người chơi 6 | Y2: ='NGUOI CHOI'!B10 -> Người chơi 7 | AA2: ='NGUOI CHOI'!B11 -> Người chơi 8 | AC2: ='NGUOI CHOI'!B12 -> Người chơi 9 | AE2: ='NGUOI CHOI'!B13 -> Người chơi 10 | AG2: ='NGUOI CHOI'!B14 -> Người chơi 11 | AI2: ='NGUOI CHOI'!B15 -> Người chơi 12 | AK2: ='NGUOI CHOI'!B16 -> Người chơi 13 | AM2: ='NGUOI CHOI'!B17 -> Người chơi 14 | AO2: ='NGUOI CHOI'!B18 -> Người chơi 15 | AQ2: ='NGUOI CHOI'!B19 -> Người chơi 16 | AS2: ='NGUOI CHOI'!B20 -> Người chơi 17 | AU2: ='NGUOI CHOI'!B21 -> Người chơi 18 | AW2: ='NGUOI CHOI'!B22 -> Người chơi 19 | AY2: ='NGUOI CHOI'!B23 -> Người chơi 20 | BA2: ='NGUOI CHOI'!B24 -> Người chơi 21 | BC2: ='NGUOI CHOI'!B25 -> Người chơi 22 | BE2: ='NGUOI CHOI'!B26 -> Người chơi 23 | BG2: ='NGUOI CHOI'!B27 -> Người chơi 24 | BI2: ='NGUOI CHOI'!B28 -> Người chơi 25 | BK2: ='NGUOI CHOI'!B29 -> Người chơi 26 | BM2: ='NGUOI CHOI'!B30 -> Người chơi 27 | BO2: ='NGUOI CHOI'!B31 -> Người chơi 28 | BQ2: ='NGUOI CHOI'!B32 -> Người chơi 29 | BS2: ='NGUOI CHOI'!B33 -> Người chơi 30 | BU2: ='NGUOI CHOI'!B34 -> Người chơi 31 | BW2: ='NGUOI CHOI'!B35 -> Người chơi 32 | BY2: ='NGUOI CHOI'!B36 -> Người chơi 33 | CA2: ='NGUOI CHOI'!B37 -> Người chơi 34 | CC2: ='NGUOI CHOI'!B38 -> Người chơi 35 | CE2: ='NGUOI CHOI'!B39 -> Người chơi 36 | CG2: ='NGUOI CHOI'!B40 -> Người chơi 37 | CI2: ='NGUOI CHOI'!B41 -> Người chơi 38 | CK2: ='NGUOI CHOI'!B42 -> Người chơi 39 | CM2: ='NGUOI CHOI'!B43 -> Người chơi 40 | CO2: ='NGUOI CHOI'!B44 -> Người chơi 41 | CQ2: ='NGUOI CHOI'!B45 -> Người chơi 42 | CS2: ='NGUOI CHOI'!B46 -> Người chơi 43 | CU2: ='NGUOI CHOI'!B47 -> Người chơi 44 | CW2: ='NGUOI CHOI'!B48 -> Người chơi 45 | CY2: ='NGUOI CHOI'!B49 -> Người chơi 46 | DA2: ='NGUOI CHOI'!B50 -> Người chơi 47 | DC2: ='NGUOI CHOI'!B51 -> Người chơi 48 | DE2: ='NGUOI CHOI'!B52 -> Người chơi 49 | DG2: ='NGUOI CHOI'!B53 -> Người chơi 50 | DI2: ='NGUOI CHOI'!B54 -> Người chơi 51 | DK2: ='NGUOI CHOI'!B55 -> Người chơi 52 | DM2: ='NGUOI CHOI'!B56 -> Người chơi 53 | DO2: ='NGUOI CHOI'!B57 -> Người chơi 54 | DQ2: ='NGUOI CHOI'!B58 -> Người chơi 55 | DS2: ='NGUOI CHOI'!B59 -> Người chơi 56 | DU2: ='NGUOI CHOI'!B60 -> Người chơi 57 | DW2: ='NGUOI CHOI'!B61 -> Người chơi 58 | DY2: ='NGUOI CHOI'!B62 -> Người chơi 59 | EA2: ='NGUOI CHOI'!B63 -> Người chơi 60 | EC2: ='NGUOI CHOI'!B64 -> Người chơi 61 | EE2: ='NGUOI CHOI'!B65 -> Người chơi 62 | EG2: ='NGUOI CHOI'!B66 -> Người chơi 63 | EI2: ='NGUOI CHOI'!B67 -> Người chơi 64 | EK2: ='NGUOI CHOI'!B68 -> Người chơi 65 | EM2: ='NGUOI CHOI'!B69 -> Người chơi 66 | EO2: ='NGUOI CHOI'!B70 -> Người chơi 67 | EQ2: ='NGUOI CHOI'!B71 -> Người chơi 68 | ES2: ='NGUOI CHOI'!B72 -> Người chơi 69 | EU2: ='NGUOI CHOI'!B73 -> Người chơi 70 | EW2: ='NGUOI CHOI'!B74 -> Người chơi 71 | EY2: ='NGUOI CHOI'!B75 -> Người chơi 72 | FA2: ='NGUOI CHOI'!B76 -> Người chơi 73 | FC2: ='NGUOI CHOI'!B77 -> Người chơi 74 | FE2: ='NGUOI CHOI'!B78 -> Người chơi 75 | FG2: ='NGUOI CHOI'!B79 -> Người chơi 76 | FI2: ='NGUOI CHOI'!B80 -> Người chơi 77 | FK2: ='NGUOI CHOI'!B81 -> Người chơi 78 | FM2: ='NGUOI CHOI'!B82 -> Người chơi 79 | FO2: ='NGUOI CHOI'!B83 -> Người chơi 80 | FQ2: ='NGUOI CHOI'!B84 -> Người chơi 81 | FS2: ='NGUOI CHOI'!B85 -> Người chơi 82 | FU2: ='NGUOI CHOI'!B86 -> Người chơi 83 | FW2: ='NGUOI CHOI'!B87 -> Người chơi 84 | FY2: ='NGUOI CHOI'!B88 -> Người chơi 85 | GA2: ='NGUOI CHOI'!B89 -> Người chơi 86 | GC2: ='NGUOI CHOI'!B90 -> Người chơi 87 | GE2: ='NGUOI CHOI'!B91 -> Người chơi 88 | GG2: ='NGUOI CHOI'!B92 -> Người chơi 89 | GI2: ='NGUOI CHOI'!B93 -> Người chơi 90 | GK2: ='NGUOI CHOI'!B94 -> Người chơi 91 | GM2: ='NGUOI CHOI'!B95 -> Người chơi 92 | GO2: ='NGUOI CHOI'!B96 -> Người chơi 93 | GQ2: ='NGUOI CHOI'!B97 -> Người chơi 94 | GS2: ='NGUOI CHOI'!B98 -> Người chơi 95 | GU2: ='NGUOI CHOI'!B99 -> Người chơi 96 | GW2: ='NGUOI CHOI'!B100 -> Người chơi 97 | GY2: ='NGUOI CHOI'!B101 -> Người chơi 98 | HA2: ='NGUOI CHOI'!B102 -> Người chơi 99 | HC2: ='NGUOI CHOI'!B103 -> Người chơi 100
A3: STT | B3: Vòng đấu | C3: Hệ số | D3: Bảng | E3: Thứ | F3: Ngày | G3: Giờ VN | H3: Đội A | I3: Đội B | J3: Sân vận động | K3: KQ A | L3: KQ B | M3: Tỉ số A | N3: Tỉ số B | O3: Tỉ số A | P3: Tỉ số B | Q3: Tỉ số A | R3: Tỉ số B | S3: Tỉ số A | T3: Tỉ số B | U3: Tỉ số A | V3: Tỉ số B | W3: Tỉ số A | X3: Tỉ số B | Y3: Tỉ số A | Z3: Tỉ số B | AA3: Tỉ số A | AB3: Tỉ số B | AC3: Tỉ số A | AD3: Tỉ số B | AE3: Tỉ số A | AF3: Tỉ số B | AG3: Tỉ số A | AH3: Tỉ số B | AI3: Tỉ số A | AJ3: Tỉ số B | AK3: Tỉ số A | AL3: Tỉ số B | AM3: Tỉ số A | AN3: Tỉ số B | AO3: Tỉ số A | AP3: Tỉ số B | AQ3: Tỉ số A | AR3: Tỉ số B | AS3: Tỉ số A | AT3: Tỉ số B | AU3: Tỉ số A | AV3: Tỉ số B | AW3: Tỉ số A | AX3: Tỉ số B | AY3: Tỉ số A | AZ3: Tỉ số B | BA3: Tỉ số A | BB3: Tỉ số B | BC3: Tỉ số A | BD3: Tỉ số B | BE3: Tỉ số A | BF3: Tỉ số B | BG3: Tỉ số A | BH3: Tỉ số B | BI3: Tỉ số A | BJ3: Tỉ số B | BK3: Tỉ số A | BL3: Tỉ số B | BM3: Tỉ số A | BN3: Tỉ số B | BO3: Tỉ số A | BP3: Tỉ số B | BQ3: Tỉ số A | BR3: Tỉ số B | BS3: Tỉ số A | BT3: Tỉ số B | BU3: Tỉ số A | BV3: Tỉ số B | BW3: Tỉ số A | BX3: Tỉ số B | BY3: Tỉ số A | BZ3: Tỉ số B | CA3: Tỉ số A | CB3: Tỉ số B | CC3: Tỉ số A | CD3: Tỉ số B | CE3: Tỉ số A | CF3: Tỉ số B | CG3: Tỉ số A | CH3: Tỉ số B | CI3: Tỉ số A | CJ3: Tỉ số B | CK3: Tỉ số A | CL3: Tỉ số B | CM3: Tỉ số A | CN3: Tỉ số B | CO3: Tỉ số A | CP3: Tỉ số B | CQ3: Tỉ số A | CR3: Tỉ số B | CS3: Tỉ số A | CT3: Tỉ số B | CU3: Tỉ số A | CV3: Tỉ số B | CW3: Tỉ số A | CX3: Tỉ số B | CY3: Tỉ số A | CZ3: Tỉ số B | DA3: Tỉ số A | DB3: Tỉ số B | DC3: Tỉ số A | DD3: Tỉ số B | DE3: Tỉ số A | DF3: Tỉ số B | DG3: Tỉ số A | DH3: Tỉ số B | DI3: Tỉ số A | DJ3: Tỉ số B | DK3: Tỉ số A | DL3: Tỉ số B | DM3: Tỉ số A | DN3: Tỉ số B | DO3: Tỉ số A | DP3: Tỉ số B | DQ3: Tỉ số A | DR3: Tỉ số B | DS3: Tỉ số A | DT3: Tỉ số B | DU3: Tỉ số A | DV3: Tỉ số B | DW3: Tỉ số A | DX3: Tỉ số B | DY3: Tỉ số A | DZ3: Tỉ số B | EA3: Tỉ số A | EB3: Tỉ số B | EC3: Tỉ số A | ED3: Tỉ số B | EE3: Tỉ số A | EF3: Tỉ số B | EG3: Tỉ số A | EH3: Tỉ số B | EI3: Tỉ số A | EJ3: Tỉ số B | EK3: Tỉ số A | EL3: Tỉ số B | EM3: Tỉ số A | EN3: Tỉ số B | EO3: Tỉ số A | EP3: Tỉ số B | EQ3: Tỉ số A | ER3: Tỉ số B | ES3: Tỉ số A | ET3: Tỉ số B | EU3: Tỉ số A | EV3: Tỉ số B | EW3: Tỉ số A | EX3: Tỉ số B | EY3: Tỉ số A | EZ3: Tỉ số B | FA3: Tỉ số A | FB3: Tỉ số B | FC3: Tỉ số A | FD3: Tỉ số B | FE3: Tỉ số A | FF3: Tỉ số B | FG3: Tỉ số A | FH3: Tỉ số B | FI3: Tỉ số A | FJ3: Tỉ số B | FK3: Tỉ số A | FL3: Tỉ số B | FM3: Tỉ số A | FN3: Tỉ số B | FO3: Tỉ số A | FP3: Tỉ số B | FQ3: Tỉ số A | FR3: Tỉ số B | FS3: Tỉ số A | FT3: Tỉ số B | FU3: Tỉ số A | FV3: Tỉ số B | FW3: Tỉ số A | FX3: Tỉ số B | FY3: Tỉ số A | FZ3: Tỉ số B | GA3: Tỉ số A | GB3: Tỉ số B | GC3: Tỉ số A | GD3: Tỉ số B | GE3: Tỉ số A | GF3: Tỉ số B | GG3: Tỉ số A | GH3: Tỉ số B | GI3: Tỉ số A | GJ3: Tỉ số B | GK3: Tỉ số A | GL3: Tỉ số B | GM3: Tỉ số A | GN3: Tỉ số B | GO3: Tỉ số A | GP3: Tỉ số B | GQ3: Tỉ số A | GR3: Tỉ số B | GS3: Tỉ số A | GT3: Tỉ số B | GU3: Tỉ số A | GV3: Tỉ số B | GW3: Tỉ số A | GX3: Tỉ số B | GY3: Tỉ số A | GZ3: Tỉ số B | HA3: Tỉ số A | HB3: Tỉ số B | HC3: Tỉ số A | HD3: Tỉ số B
A4: 1 | B4: Vòng bảng | C4: 1 | D4: A | E4: Thứ 6 | F4: 46185 | G4: 46185.083 | H4: Mexico | I4: South Africa | J4: Estadio Azteca (Mexico City)
A5: 2 | B5: Vòng bảng | C5: 1 | D5: A | E5: Thứ 6 | F5: 46185 | G5: 46185.375 | H5: Korea Republic | I5: Czechia | J5: Estadio Akron (Guadalajara)
A6: 3 | B6: Vòng bảng | C6: 1 | D6: A | E6: Thứ 5 | F6: 46191 | G6: 46191.958 | H6: Czechia | I6: South Africa | J6: Mercedes-Benz Stadium (Atlanta)
A7: 4 | B7: Vòng bảng | C7: 1 | D7: A | E7: Thứ 6 | F7: 46192 | G7: 46192.333 | H7: Mexico | I7: Korea Republic | J7: Estadio Akron (Guadalajara)
A8: 5 | B8: Vòng bảng | C8: 1 | D8: A | E8: Thứ 5 | F8: 46198 | G8: 46198.333 | H8: Czechia | I8: Mexico | J8: Estadio Azteca (Mexico City)
A9: 6 | B9: Vòng bảng | C9: 1 | D9: A | E9: Thứ 5 | F9: 46198 | G9: 46198.333 | H9: South Africa | I9: Korea Republic | J9: Estadio BBVA (Monterrey)
A10: 7 | B10: Vòng bảng | C10: 1 | D10: B | E10: Thứ 7 | F10: 46186 | G10: 46186.083 | H10: Canada | I10: Bosnia & Herzegovina | J10: BMO Field (Toronto)
A11: 8 | B11: Vòng bảng | C11: 1 | D11: B | E11: Chủ nhật | F11: 46187 | G11: 46187.083 | H11: Qatar | I11: Switzerland | J11: Levi's Stadium (Santa Clara)
A12: 9 | B12: Vòng bảng | C12: 1 | D12: B | E12: Thứ 6 | F12: 46192 | G12: 46192.083 | H12: Switzerland | I12: Bosnia & Herzegovina | J12: SoFi Stadium (Inglewood)
A13: 10 | B13: Vòng bảng | C13: 1 | D13: B | E13: Thứ 6 | F13: 46192 | G13: 46192.208 | H13: Canada | I13: Qatar | J13: BC Place (Vancouver)
A14: 11 | B14: Vòng bảng | C14: 1 | D14: B | E14: Thứ 5 | F14: 46198 | G14: 46198.083 | H14: Switzerland | I14: Canada | J14: BC Place (Vancouver)
A15: 12 | B15: Vòng bảng | C15: 1 | D15: B | E15: Thứ 5 | F15: 46198 | G15: 46198.083 | H15: Bosnia & Herzegovina | I15: Qatar | J15: Lumen Field (Seattle)
... A107: 104 | B107: Chung kết | C107: 4 | D107: Final | E107: Thứ 2 | F107: 46223 | G107: 46223.083 | H107: Thắng BK trận 101 | I107: Thắng BK trận 102 | J107: MetLife Stadium (New Jersey)

Sheet DIEM CHI TIET
A1: BẢNG ĐIỂM CHI TIẾT TỪNG TRẬN — TỰ ĐỘNG TÍNH
A2: THÔNG TIN TRẬN | G2: ĐIỂM CỦA TỪNG NGƯỜI CHƠI
A3: STT | B3: Vòng đấu | C3: Hệ số | D3: Đội A | E3: Đội B | F3: Tỉ số | G3: ='NGUOI CHOI'!B4 -> Người chơi 1 | H3: ='NGUOI CHOI'!B5 -> Người chơi 2 | I3: ='NGUOI CHOI'!B6 -> Người chơi 3 | J3: ='NGUOI CHOI'!B7 -> Người chơi 4 | K3: ='NGUOI CHOI'!B8 -> Người chơi 5 | L3: ='NGUOI CHOI'!B9 -> Người chơi 6 | M3: ='NGUOI CHOI'!B10 -> Người chơi 7 | N3: ='NGUOI CHOI'!B11 -> Người chơi 8 | O3: ='NGUOI CHOI'!B12 -> Người chơi 9 | P3: ='NGUOI CHOI'!B13 -> Người chơi 10 | Q3: ='NGUOI CHOI'!B14 -> Người chơi 11 | R3: ='NGUOI CHOI'!B15 -> Người chơi 12 | S3: ='NGUOI CHOI'!B16 -> Người chơi 13 | T3: ='NGUOI CHOI'!B17 -> Người chơi 14 | U3: ='NGUOI CHOI'!B18 -> Người chơi 15 | V3: ='NGUOI CHOI'!B19 -> Người chơi 16 | W3: ='NGUOI CHOI'!B20 -> Người chơi 17 | X3: ='NGUOI CHOI'!B21 -> Người chơi 18 | Y3: ='NGUOI CHOI'!B22 -> Người chơi 19 | Z3: ='NGUOI CHOI'!B23 -> Người chơi 20 | AA3: ='NGUOI CHOI'!B24 -> Người chơi 21 | AB3: ='NGUOI CHOI'!B25 -> Người chơi 22 | AC3: ='NGUOI CHOI'!B26 -> Người chơi 23 | AD3: ='NGUOI CHOI'!B27 -> Người chơi 24 | AE3: ='NGUOI CHOI'!B28 -> Người chơi 25 | AF3: ='NGUOI CHOI'!B29 -> Người chơi 26 | AG3: ='NGUOI CHOI'!B30 -> Người chơi 27 | AH3: ='NGUOI CHOI'!B31 -> Người chơi 28 | AI3: ='NGUOI CHOI'!B32 -> Người chơi 29 | AJ3: ='NGUOI CHOI'!B33 -> Người chơi 30 | AK3: ='NGUOI CHOI'!B34 -> Người chơi 31 | AL3: ='NGUOI CHOI'!B35 -> Người chơi 32 | AM3: ='NGUOI CHOI'!B36 -> Người chơi 33 | AN3: ='NGUOI CHOI'!B37 -> Người chơi 34 | AO3: ='NGUOI CHOI'!B38 -> Người chơi 35 | AP3: ='NGUOI CHOI'!B39 -> Người chơi 36 | AQ3: ='NGUOI CHOI'!B40 -> Người chơi 37 | AR3: ='NGUOI CHOI'!B41 -> Người chơi 38 | AS3: ='NGUOI CHOI'!B42 -> Người chơi 39 | AT3: ='NGUOI CHOI'!B43 -> Người chơi 40 | AU3: ='NGUOI CHOI'!B44 -> Người chơi 41 | AV3: ='NGUOI CHOI'!B45 -> Người chơi 42 | AW3: ='NGUOI CHOI'!B46 -> Người chơi 43 | AX3: ='NGUOI CHOI'!B47 -> Người chơi 44 | AY3: ='NGUOI CHOI'!B48 -> Người chơi 45 | AZ3: ='NGUOI CHOI'!B49 -> Người chơi 46 | BA3: ='NGUOI CHOI'!B50 -> Người chơi 47 | BB3: ='NGUOI CHOI'!B51 -> Người chơi 48 | BC3: ='NGUOI CHOI'!B52 -> Người chơi 49 | BD3: ='NGUOI CHOI'!B53 -> Người chơi 50 | BE3: ='NGUOI CHOI'!B54 -> Người chơi 51 | BF3: ='NGUOI CHOI'!B55 -> Người chơi 52 | BG3: ='NGUOI CHOI'!B56 -> Người chơi 53 | BH3: ='NGUOI CHOI'!B57 -> Người chơi 54 | BI3: ='NGUOI CHOI'!B58 -> Người chơi 55 | BJ3: ='NGUOI CHOI'!B59 -> Người chơi 56 | BK3: ='NGUOI CHOI'!B60 -> Người chơi 57 | BL3: ='NGUOI CHOI'!B61 -> Người chơi 58 | BM3: ='NGUOI CHOI'!B62 -> Người chơi 59 | BN3: ='NGUOI CHOI'!B63 -> Người chơi 60 | BO3: ='NGUOI CHOI'!B64 -> Người chơi 61 | BP3: ='NGUOI CHOI'!B65 -> Người chơi 62 | BQ3: ='NGUOI CHOI'!B66 -> Người chơi 63 | BR3: ='NGUOI CHOI'!B67 -> Người chơi 64 | BS3: ='NGUOI CHOI'!B68 -> Người chơi 65 | BT3: ='NGUOI CHOI'!B69 -> Người chơi 66 | BU3: ='NGUOI CHOI'!B70 -> Người chơi 67 | BV3: ='NGUOI CHOI'!B71 -> Người chơi 68 | BW3: ='NGUOI CHOI'!B72 -> Người chơi 69 | BX3: ='NGUOI CHOI'!B73 -> Người chơi 70 | BY3: ='NGUOI CHOI'!B74 -> Người chơi 71 | BZ3: ='NGUOI CHOI'!B75 -> Người chơi 72 | CA3: ='NGUOI CHOI'!B76 -> Người chơi 73 | CB3: ='NGUOI CHOI'!B77 -> Người chơi 74 | CC3: ='NGUOI CHOI'!B78 -> Người chơi 75 | CD3: ='NGUOI CHOI'!B79 -> Người chơi 76 | CE3: ='NGUOI CHOI'!B80 -> Người chơi 77 | CF3: ='NGUOI CHOI'!B81 -> Người chơi 78 | CG3: ='NGUOI CHOI'!B82 -> Người chơi 79 | CH3: ='NGUOI CHOI'!B83 -> Người chơi 80 | CI3: ='NGUOI CHOI'!B84 -> Người chơi 81 | CJ3: ='NGUOI CHOI'!B85 -> Người chơi 82 | CK3: ='NGUOI CHOI'!B86 -> Người chơi 83 | CL3: ='NGUOI CHOI'!B87 -> Người chơi 84 | CM3: ='NGUOI CHOI'!B88 -> Người chơi 85 | CN3: ='NGUOI CHOI'!B89 -> Người chơi 86 | CO3: ='NGUOI CHOI'!B90 -> Người chơi 87 | CP3: ='NGUOI CHOI'!B91 -> Người chơi 88 | CQ3: ='NGUOI CHOI'!B92 -> Người chơi 89 | CR3: ='NGUOI CHOI'!B93 -> Người chơi 90 | CS3: ='NGUOI CHOI'!B94 -> Người chơi 91 | CT3: ='NGUOI CHOI'!B95 -> Người chơi 92 | CU3: ='NGUOI CHOI'!B96 -> Người chơi 93 | CV3: ='NGUOI CHOI'!B97 -> Người chơi 94 | CW3: ='NGUOI CHOI'!B98 -> Người chơi 95 | CX3: ='NGUOI CHOI'!B99 -> Người chơi 96 | CY3: ='NGUOI CHOI'!B100 -> Người chơi 97 | CZ3: ='NGUOI CHOI'!B101 -> Người chơi 98 | DA3: ='NGUOI CHOI'!B102 -> Người chơi 99 | DB3: ='NGUOI CHOI'!B103 -> Người chơi 100
A4: ='DU DOAN'!A4 -> 1 | B4: ='DU DOAN'!B4 -> Vòng bảng | C4: ='DU DOAN'!C4 -> 1 | D4: ='DU DOAN'!H4 -> Mexico | E4: ='DU DOAN'!I4 -> South Africa | F4: =IF(OR('DU DOAN'!K4="",'DU DOAN'!L4=""),"Chưa đá",'DU DOAN'!K4&"-"&'DU DOAN'!L4) -> Chưa đá | G4: =IF(OR('DU DOAN'!K4="",'DU DOAN'!L4="",'DU DOAN'!M4="",'DU DOAN'!N4=""),0,IF(AND('DU DOAN'!M4='DU DOAN'!K4,'DU DOAN'!N4='DU DOAN'!L4),3*'DU DOAN'!C4,IF(('DU DOAN'!M4-'DU DOAN'!N4)=('DU DOAN'!K4-'DU DOAN'!L4),2*'DU DOAN'!C4,IF(SIGN('DU DOAN'!M4-'DU DOAN'!N4)=SIGN('DU DOAN'!K4-'DU DOAN'!L4),1*'DU DOAN'!C4,0)))) -> 0 | H4: =IF(OR('DU DOAN'!K4="",'DU DOAN'!L4="",'DU DOAN'!O4="",'DU DOAN'!P4=""),0,IF(AND('DU DOAN'!O4='DU DOAN'!K4,'DU DOAN'!P4='DU DOAN'!L4),3*'DU DOAN'!C4,IF(('DU DOAN'!O4-'DU DOAN'!P4)=('DU DOAN'!K4-'DU DOAN'!L4),2*'DU DOAN'!C4,IF(SIGN('DU DOAN'!O4-'DU DOAN'!P4)=SIGN('DU DOAN'!K4-'DU DOAN'!L4),1*'DU DOAN'!C4,0)))) -> 0 | I4: =IF(OR('DU DOAN'!K4="",'DU DOAN'!L4="",'DU DOAN'!Q4="",'DU DOAN'!R4=""),0,IF(AND('DU DOAN'!Q4='DU DOAN'!K4,'DU DOAN'!R4='DU DOAN'!L4),3*'DU DOAN'!C4,IF(('DU DOAN'!Q4-'DU DOAN'!R4)=('DU DOAN'!K4-'DU DOAN'!L4),2*'DU DOAN'!C4,IF(SIGN('DU DOAN'!Q4-'DU DOAN'!R4)=SIGN('DU DOAN'!K4-'DU DOAN'!L4),1*'DU DOAN'!C4,0)))) -> 0 | J4: =IF(OR('DU DOAN'!K4="",'DU DOAN'!L4="",'DU DOAN'!S4="",'DU DOAN'!T4=""),0,IF(AND('DU DOAN'!S4='DU DOAN'!K4,'DU DOAN'!T4='DU DOAN'!L4),3*'DU DOAN'!C4,IF(('DU DOAN'!S4-'DU DOAN'!T4)=('DU DOAN'!K4-'DU DOAN'!L4),2*'DU DOAN'!C4,IF(SIGN('DU DOAN'!S4-'DU DOAN'!T4)=SIGN('DU DOAN'!K4-'DU DOAN'!L4),1*'DU DOAN'!C4,0)))) -> 0 | K4: =IF(OR('DU DOAN'!K4="",'DU DOAN'!L4="",'DU DOAN'!U4="",'DU DOAN'!V4=""),0,IF(AND('DU DOAN'!U4='DU DOAN'!K4,'DU DOAN'!V4='DU DOAN'!L4),3*'DU DOAN'!C4,IF(('DU DOAN'!U4-'DU DOAN'!V4)=('DU DOAN'!K4-'DU DOAN'!L4),2*'DU DOAN'!C4,IF(SIGN('DU DOAN'!U4-'DU DOAN'!V4)=SIGN('DU DOAN'!K4-'DU DOAN'!L4),1*'DU DOAN'!C4,0)))) -> 0 | L4: =IF(OR('DU DOAN'!K4="",'DU DOAN'!L4="",'DU DOAN'!W4="",'DU DOAN'!X4=""),0,IF(AND('DU DOAN'!W4='DU DOAN'!K4,'DU DOAN'!X4='DU DOAN'!L4),3*'DU DOAN'!C4,IF(('DU DOAN'!W4-'DU DOAN'!X4)=('DU DOAN'!K4-'DU DOAN'!L4),2*'DU DOAN'!C4,IF(SIGN('DU DOAN'!W4-'DU DOAN'!X4)=SIGN('DU DOAN'!K4-'DU DOAN'!L4),1*'DU DOAN'!C4,0)))) -> 0 | M4: =IF(OR('DU DOAN'!K4="",'DU DOAN'!L4="",'DU DOAN'!Y4="",'DU DOAN'!Z4=""),0,IF(AND('DU DOAN'!Y4='DU DOAN'!K4,'DU DOAN'!Z4='DU DOAN'!L4),3*'DU DOAN'!C4,IF(('DU DOAN'!Y4-'DU DOAN'!Z4)=('DU DOAN'!K4-'DU DOAN'!L4),2*'DU DOAN'!C4,IF(SIGN('DU DOAN'!Y4-'DU DOAN'!Z4)=SIGN('DU DOAN'!K4-'DU DOAN'!L4),1*'DU DOAN'!C4,0)))) -> 0 | N4: =IF(OR('DU DOAN'!K4="",'DU DOAN'!L4="",'DU DOAN'!AA4="",'DU DOAN'!AB4=""),0,IF(AND('DU DOAN'!AA4='DU DOAN'!K4,'DU DOAN'!AB4='DU DOAN'!L4),3*'DU DOAN'!C4,IF(('DU DOAN'!AA4-'DU DOAN'!AB4)=('DU DOAN'!K4-'DU DOAN'!L4),2*'DU DOAN'!C4,IF(SIGN('DU DOAN'!AA4-'DU DOAN'!AB4)=SIGN('DU DOAN'!K4-'DU DOAN'!L4),1*'DU DOAN'!C4,0)))) -> 0 | O4: =IF(OR('DU DOAN'!K4="",'DU DOAN'!L4="",'DU DOAN'!AC4="",'DU DOAN'!AD4=""),0,IF(AND('DU DOAN'!AC4='DU DOAN'!K4,'DU DOAN'!AD4='DU DOAN'!L4),3*'DU DOAN'!C4,IF(('DU DOAN'!AC4-'DU DOAN'!AD4)=('DU DOAN'!K4-'DU DOAN'!L4),2*'DU DOAN'!C4,IF(SIGN('DU DOAN'!AC4-'DU DOAN'!AD4)=SIGN('DU DOAN'!K4-'DU DOAN'!L4),1*'DU DOAN'!C4,0)))) -> 0 | P4: =IF(OR('DU DOAN'!K4="",'DU DOAN'!L4="",'DU DOAN'!AE4="",'DU DOAN'!AF4=""),0,IF(AND('DU DOAN'!AE4='DU DOAN'!K4,'DU DOAN'!AF4='DU DOAN'!L4),3*'DU DOAN'!C4,IF(('DU DOAN'!AE4-'DU DOAN'!AF4)=('DU DOAN'!K4-'DU DOAN'!L4),2*'DU DOAN'!C4,IF(SIGN('DU DOAN'!AE4-'DU DOAN'!AF4)=SIGN('DU DOAN'!K4-'DU DOAN'!L4),1*'DU DOAN'!C4,0)))) -> 0 | Q4: =IF(OR('DU DOAN'!K4="",'DU DOAN'!L4="",'DU DOAN'!AG4="",'DU DOAN'!AH4=""),0,IF(AND('DU DOAN'!AG4='DU DOAN'!K4,'DU DOAN'!AH4='DU DOAN'!L4),3*'DU DOAN'!C4,IF(('DU DOAN'!AG4-'DU DOAN'!AH4)=('DU DOAN'!K4-'DU DOAN'!L4),2*'DU DOAN'!C4,IF(SIGN('DU DOAN'!AG4-'DU DOAN'!AH4)=SIGN('DU DOAN'!K4-'DU DOAN'!L4),1*'DU DOAN'!C4,0)))) -> 0 | R4: =IF(OR('DU DOAN'!K4="",'DU DOAN'!L4="",'DU DOAN'!AI4="",'DU DOAN'!AJ4=""),0,IF(AND('DU DOAN'!AI4='DU DOAN'!K4,'DU DOAN'!AJ4='DU DOAN'!L4),3*'DU DOAN'!C4,IF(('DU DOAN'!AI4-'DU DOAN'!AJ4)=('DU DOAN'!K4-'DU DOAN'!L4),2*'DU DOAN'!C4,IF(SIGN('DU DOAN'!AI4-'DU DOAN'!AJ4)=SIGN('DU DOAN'!K4-'DU DOAN'!L4),1*'DU DOAN'!C4,0)))) -> 0 | S4: =IF(OR('DU DOAN'!K4="",'DU DOAN'!L4="",'DU DOAN'!AK4="",'DU DOAN'!AL4=""),0,IF(AND('DU DOAN'!AK4='DU DOAN'!K4,'DU DOAN'!AL4='DU DOAN'!L4),3*'DU DOAN'!C4,IF(('DU DOAN'!AK4-'DU DOAN'!AL4)=('DU DOAN'!K4-'DU DOAN'!L4),2*'DU DOAN'!C4,IF(SIGN('DU DOAN'!AK4-'DU DOAN'!AL4)=SIGN('DU DOAN'!K4-'DU DOAN'!L4),1*'DU DOAN'!C4,0)))) -> 0 | T4: =IF(OR('DU DOAN'!K4="",'DU DOAN'!L4="",'DU DOAN'!AM4="",'DU DOAN'!AN4=""),0,IF(AND('DU DOAN'!AM4='DU DOAN'!K4,'DU DOAN'!AN4='DU DOAN'!L4),3*'DU DOAN'!C4,IF(('DU DOAN'!AM4-'DU DOAN'!AN4)=('DU DOAN'!K4-'DU DOAN'!L4),2*'DU DOAN'!C4,IF(SIGN('DU DOAN'!AM4-'DU DOAN'!AN4)=SIGN('DU DOAN'!K4-'DU DOAN'!L4),1*'DU DOAN'!C4,0)))) -> 0 | U4: =IF(OR('DU DOAN'!K4="",'DU DOAN'!L4="",'DU DOAN'!AO4="",'DU DOAN'!AP4=""),0,IF(AND('DU DOAN'!AO4='DU DOAN'!K4,'DU DOAN'!AP4='DU DOAN'!L4),3*'DU DOAN'!C4,IF(('DU DOAN'!AO4-'DU DOAN'!AP4)=('DU DOAN'!K4-'DU DOAN'!L4),2*'DU DOAN'!C4,IF(SIGN('DU DOAN'!AO4-'DU DOAN'!AP4)=SIGN('DU DOAN'!K4-'DU DOAN'!L4),1*'DU DOAN'!C4,0)))) -> 0 | V4: =IF(OR('DU DOAN'!K4="",'DU DOAN'!L4="",'DU DOAN'!AQ4="",'DU DOAN'!AR4=""),0,IF(AND('DU DOAN'!AQ4='DU DOAN'!K4,'DU DOAN'!AR4='DU DOAN'!L4),3*'DU DOAN'!C4,IF(('DU DOAN'!AQ4-'DU DOAN'!AR4)=('DU DOAN'!K4-'DU DOAN'!L4),2*'DU DOAN'!C4,IF(SIGN('DU DOAN'!AQ4-'DU DOAN'!AR4)=SIGN('DU DOAN'!K4-'DU DOAN'!L4),1*'DU DOAN'!C4,0)))) -> 0 | W4: =IF(OR('DU DOAN'!K4="",'DU DOAN'!L4="",'DU DOAN'!AS4="",'DU DOAN'!AT4=""),0,IF(AND('DU DOAN'!AS4='DU DOAN'!K4,'DU DOAN'!AT4='DU DOAN'!L4),3*'DU DOAN'!C4,IF(('DU DOAN'!AS4-'DU DOAN'!AT4)=('DU DOAN'!K4-'DU DOAN'!L4),2*'DU DOAN'!C4,IF(SIGN('DU DOAN'!AS4-'DU DOAN'!AT4)=SIGN('DU DOAN'!K4-'DU DOAN'!L4),1*'DU DOAN'!C4,0)))) -> 0 | X4: =IF(OR('DU DOAN'!K4="",'DU DOAN'!L4="",'DU DOAN'!AU4="",'DU DOAN'!AV4=""),0,IF(AND('DU DOAN'!AU4='DU DOAN'!K4,'DU DOAN'!AV4='DU DOAN'!L4),3*'DU DOAN'!C4,IF(('DU DOAN'!AU4-'DU DOAN'!AV4)=('DU DOAN'!K4-'DU DOAN'!L4),2*'DU DOAN'!C4,IF(SIGN('DU DOAN'!AU4-'DU DOAN'!AV4)=SIGN('DU DOAN'!K4-'DU DOAN'!L4),1*'DU DOAN'!C4,0)))) -> 0 | Y4: =IF(OR('DU DOAN'!K4="",'DU DOAN'!L4="",'DU DOAN'!AW4="",'DU DOAN'!AX4=""),0,IF(AND('DU DOAN'!AW4='DU DOAN'!K4,'DU DOAN'!AX4='DU DOAN'!L4),3*'DU DOAN'!C4,IF(('DU DOAN'!AW4-'DU DOAN'!AX4)=('DU DOAN'!K4-'DU DOAN'!L4),2*'DU DOAN'!C4,IF(SIGN('DU DOAN'!AW4-'DU DOAN'!AX4)=SIGN('DU DOAN'!K4-'DU DOAN'!L4),1*'DU DOAN'!C4,0)))) -> 0 | Z4: =IF(OR('DU DOAN'!K4="",'DU DOAN'!L4="",'DU DOAN'!AY4="",'DU DOAN'!AZ4=""),0,IF(AND('DU DOAN'!AY4='DU DOAN'!K4,'DU DOAN'!AZ4='DU DOAN'!L4),3*'DU DOAN'!C4,IF(('DU DOAN'!AY4-'DU DOAN'!AZ4)=('DU DOAN'!K4-'DU DOAN'!L4),2*'DU DOAN'!C4,IF(SIGN('DU DOAN'!AY4-'DU DOAN'!AZ4)=SIGN('DU DOAN'!K4-'DU DOAN'!L4),1*'DU DOAN'!C4,0)))) -> 0 | AA4: =IF(OR('DU DOAN'!K4="",'DU DOAN'!L4="",'DU DOAN'!BA4="",'DU DOAN'!BB4=""),0,IF(AND('DU DOAN'!BA4='DU DOAN'!K4,'DU DOAN'!BB4='DU DOAN'!L4),3*'DU DOAN'!C4,IF(('DU DOAN'!BA4-'DU DOAN'!BB4)=('DU DOAN'!K4-'DU DOAN'!L4),2*'DU DOAN'!C4,IF(SIGN('DU DOAN'!BA4-'DU DOAN'!BB4)=SIGN('DU DOAN'!K4-'DU DOAN'!L4),1*'DU DOAN'!C4,0)))) -> 0 | AB4: =IF(OR('DU DOAN'!K4="",'DU DOAN'!L4="",'DU DOAN'!BC4="",'DU DOAN'!BD4=""),0,IF(AND('DU DOAN'!BC4='DU DOAN'!K4,'DU DOAN'!BD4='DU DOAN'!L4),3*'DU DOAN'!C4,IF(('DU DOAN'!BC4-'DU DOAN'!BD4)=('DU DOAN'!K4-'DU DOAN'!L4),2*'DU DOAN'!C4,IF(SIGN('DU DOAN'!BC4-'DU DOAN'!BD4)=SIGN('DU DOAN'!K4-'DU DOAN'!L4),1*'DU DOAN'!C4,0)))) -> 0 | AC4: =IF(OR('DU DOAN'!K4="",'DU DOAN'!L4="",'DU DOAN'!BE4="",'DU DOAN'!BF4=""),0,IF(AND('DU DOAN'!BE4='DU DOAN'!K4,'DU DOAN'!BF4='DU DOAN'!L4),3*'DU DOAN'!C4,IF(('DU DOAN'!BE4-'DU DOAN'!BF4)=('DU DOAN'!K4-'DU DOAN'!L4),2*'DU DOAN'!C4,IF(SIGN('DU DOAN'!BE4-'DU DOAN'!BF4)=SIGN('DU DOAN'!K4-'DU DOAN'!L4),1*'DU DOAN'!C4,0)))) -> 0 | AD4: =IF(OR('DU DOAN'!K4="",'DU DOAN'!L4="",'DU DOAN'!BG4="",'DU DOAN'!BH4=""),0,IF(AND('DU DOAN'!BG4='DU DOAN'!K4,'DU DOAN'!BH4='DU DOAN'!L4),3*'DU DOAN'!C4,IF(('DU DOAN'!BG4-'DU DOAN'!BH4)=('DU DOAN'!K4-'DU DOAN'!L4),2*'DU DOAN'!C4,IF(SIGN('DU DOAN'!BG4-'DU DOAN'!BH4)=SIGN('DU DOAN'!K4-'DU DOAN'!L4),1*'DU DOAN'!C4,0)))) -> 0 | AE4: =IF(OR('DU DOAN'!K4="",'DU DOAN'!L4="",'DU DOAN'!BI4="",'DU DOAN'!BJ4=""),0,IF(AND('DU DOAN'!BI4='DU DOAN'!K4,'DU DOAN'!BJ4='DU DOAN'!L4),3*'DU DOAN'!C4,IF(('DU DOAN'!BI4-'DU DOAN'!BJ4)=('DU DOAN'!K4-'DU DOAN'!L4),2*'DU DOAN'!C4,IF(SIGN('DU DOAN'!BI4-'DU DOAN'!BJ4)=SIGN('DU DOAN'!K4-'DU DOAN'!L4),1*'DU DOAN'!C4,0)))) -> 0 | AF4: =IF(OR('DU DOAN'!K4="",'DU DOAN'!L4="",'DU DOAN'!BK4="",'DU DOAN'!BL4=""),0,IF(AND('DU DOAN'!BK4='DU DOAN'!K4,'DU DOAN'!BL4='DU DOAN'!L4),3*'DU DOAN'!C4,IF(('DU DOAN'!BK4-'DU DOAN'!BL4)=('DU DOAN'!K4-'DU DOAN'!L4),2*'DU DOAN'!C4,IF(SIGN('DU DOAN'!BK4-'DU DOAN'!BL4)=SIGN('DU DOAN'!K4-'DU DOAN'!L4),1*'DU DOAN'!C4,0)))) -> 0 | AG4: =IF(OR('DU DOAN'!K4="",'DU DOAN'!L4="",'DU DOAN'!BM4="",'DU DOAN'!BN4=""),0,IF(AND('DU DOAN'!BM4='DU DOAN'!K4,'DU DOAN'!BN4='DU DOAN'!L4),3*'DU DOAN'!C4,IF(('DU DOAN'!BM4-'DU DOAN'!BN4)=('DU DOAN'!K4-'DU DOAN'!L4),2*'DU DOAN'!C4,IF(SIGN('DU DOAN'!BM4-'DU DOAN'!BN4)=SIGN('DU DOAN'!K4-'DU DOAN'!L4),1*'DU DOAN'!C4,0)))) -> 0 | AH4: =IF(OR('DU DOAN'!K4="",'DU DOAN'!L4="",'DU DOAN'!BO4="",'DU DOAN'!BP4=""),0,IF(AND('DU DOAN'!BO4='DU DOAN'!K4,'DU DOAN'!BP4='DU DOAN'!L4),3*'DU DOAN'!C4,IF(('DU DOAN'!BO4-'DU DOAN'!BP4)=('DU DOAN'!K4-'DU DOAN'!L4),2*'DU DOAN'!C4,IF(SIGN('DU DOAN'!BO4-'DU DOAN'!BP4)=SIGN('DU DOAN'!K4-'DU DOAN'!L4),1*'DU DOAN'!C4,0)))) -> 0 | AI4: =IF(OR('DU DOAN'!K4="",'DU DOAN'!L4="",'DU DOAN'!BQ4="",'DU DOAN'!BR4=""),0,IF(AND('DU DOAN'!BQ4='DU DOAN'!K4,'DU DOAN'!BR4='DU DOAN'!L4),3*'DU DOAN'!C4,IF(('DU DOAN'!BQ4-'DU DOAN'!BR4)=('DU DOAN'!K4-'DU DOAN'!L4),2*'DU DOAN'!C4,IF(SIGN('DU DOAN'!BQ4-'DU DOAN'!BR4)=SIGN('DU DOAN'!K4-'DU DOAN'!L4),1*'DU DOAN'!C4,0)))) -> 0 | AJ4: =IF(OR('DU DOAN'!K4="",'DU DOAN'!L4="",'DU DOAN'!BS4="",'DU DOAN'!BT4=""),0,IF(AND('DU DOAN'!BS4='DU DOAN'!K4,'DU DOAN'!BT4='DU DOAN'!L4),3*'DU DOAN'!C4,IF(('DU DOAN'!BS4-'DU DOAN'!BT4)=('DU DOAN'!K4-'DU DOAN'!L4),2*'DU DOAN'!C4,IF(SIGN('DU DOAN'!BS4-'DU DOAN'!BT4)=SIGN('DU DOAN'!K4-'DU DOAN'!L4),1*'DU DOAN'!C4,0)))) -> 0 | AK4: =IF(OR('DU DOAN'!K4="",'DU DOAN'!L4="",'DU DOAN'!BU4="",'DU DOAN'!BV4=""),0,IF(AND('DU DOAN'!BU4='DU DOAN'!K4,'DU DOAN'!BV4='DU DOAN'!L4),3*'DU DOAN'!C4,IF(('DU DOAN'!BU4-'DU DOAN'!BV4)=('DU DOAN'!K4-'DU DOAN'!L4),2*'DU DOAN'!C4,IF(SIGN('DU DOAN'!BU4-'DU DOAN'!BV4)=SIGN('DU DOAN'!K4-'DU DOAN'!L4),1*'DU DOAN'!C4,0)))) -> 0 | AL4: =IF(OR('DU DOAN'!K4="",'DU DOAN'!L4="",'DU DOAN'!BW4="",'DU DOAN'!BX4=""),0,IF(AND('DU DOAN'!BW4='DU DOAN'!K4,'DU DOAN'!BX4='DU DOAN'!L4),3*'DU DOAN'!C4,IF(('DU DOAN'!BW4-'DU DOAN'!BX4)=('DU DOAN'!K4-'DU DOAN'!L4),2*'DU DOAN'!C4,IF(SIGN('DU DOAN'!BW4-'DU DOAN'!BX4)=SIGN('DU DOAN'!K4-'DU DOAN'!L4),1*'DU DOAN'!C4,0)))) -> 0 | AM4: =IF(OR('DU DOAN'!K4="",'DU DOAN'!L4="",'DU DOAN'!BY4="",'DU DOAN'!BZ4=""),0,IF(AND('DU DOAN'!BY4='DU DOAN'!K4,'DU DOAN'!BZ4='DU DOAN'!L4),3*'DU DOAN'!C4,IF(('DU DOAN'!BY4-'DU DOAN'!BZ4)=('DU DOAN'!K4-'DU DOAN'!L4),2*'DU DOAN'!C4,IF(SIGN('DU DOAN'!BY4-'DU DOAN'!BZ4)=SIGN('DU DOAN'!K4-'DU DOAN'!L4),1*'DU DOAN'!C4,0)))) -> 0 | AN4: =IF(OR('DU DOAN'!K4="",'DU DOAN'!L4="",'DU DOAN'!CA4="",'DU DOAN'!CB4=""),0,IF(AND('DU DOAN'!CA4='DU DOAN'!K4,'DU DOAN'!CB4='DU DOAN'!L4),3*'DU DOAN'!C4,IF(('DU DOAN'!CA4-'DU DOAN'!CB4)=('DU DOAN'!K4-'DU DOAN'!L4),2*'DU DOAN'!C4,IF(SIGN('DU DOAN'!CA4-'DU DOAN'!CB4)=SIGN('DU DOAN'!K4-'DU DOAN'!L4),1*'DU DOAN'!C4,0)))) -> 0 | AO4: =IF(OR('DU DOAN'!K4="",'DU DOAN'!L4="",'DU DOAN'!CC4="",'DU DOAN'!CD4=""),0,IF(AND('DU DOAN'!CC4='DU DOAN'!K4,'DU DOAN'!CD4='DU DOAN'!L4),3*'DU DOAN'!C4,IF(('DU DOAN'!CC4-'DU DOAN'!CD4)=('DU DOAN'!K4-'DU DOAN'!L4),2*'DU DOAN'!C4,IF(SIGN('DU DOAN'!CC4-'DU DOAN'!CD4)=SIGN('DU DOAN'!K4-'DU DOAN'!L4),1*'DU DOAN'!C4,0)))) -> 0 | AP4: =IF(OR('DU DOAN'!K4="",'DU DOAN'!L4="",'DU DOAN'!CE4="",'DU DOAN'!CF4=""),0,IF(AND('DU DOAN'!CE4='DU DOAN'!K4,'DU DOAN'!CF4='DU DOAN'!L4),3*'DU DOAN'!C4,IF(('DU DOAN'!CE4-'DU DOAN'!CF4)=('DU DOAN'!K4-'DU DOAN'!L4),2*'DU DOAN'!C4,IF(SIGN('DU DOAN'!CE4-'DU DOAN'!CF4)=SIGN('DU DOAN'!K4-'DU DOAN'!L4),1*'DU DOAN'!C4,0)))) -> 0 | AQ4: =IF(OR('DU DOAN'!K4="",'DU DOAN'!L4="",'DU DOAN'!CG4="",'DU DOAN'!CH4=""),0,IF(AND('DU DOAN'!CG4='DU DOAN'!K4,'DU DOAN'!CH4='DU DOAN'!L4),3*'DU DOAN'!C4,IF(('DU DOAN'!CG4-'DU DOAN'!CH4)=('DU DOAN'!K4-'DU DOAN'!L4),2*'DU DOAN'!C4,IF(SIGN('DU DOAN'!CG4-'DU DOAN'!CH4)=SIGN('DU DOAN'!K4-'DU DOAN'!L4),1*'DU DOAN'!C4,0)))) -> 0 | AR4: =IF(OR('DU DOAN'!K4="",'DU DOAN'!L4="",'DU DOAN'!CI4="",'DU DOAN'!CJ4=""),0,IF(AND('DU DOAN'!CI4='DU DOAN'!K4,'DU DOAN'!CJ4='DU DOAN'!L4),3*'DU DOAN'!C4,IF(('DU DOAN'!CI4-'DU DOAN'!CJ4)=('DU DOAN'!K4-'DU DOAN'!L4),2*'DU DOAN'!C4,IF(SIGN('DU DOAN'!CI4-'DU DOAN'!CJ4)=SIGN('DU DOAN'!K4-'DU DOAN'!L4),1*'DU DOAN'!C4,0)))) -> 0 | AS4: =IF(OR('DU DOAN'!K4="",'DU DOAN'!L4="",'DU DOAN'!CK4="",'DU DOAN'!CL4=""),0,IF(AND('DU DOAN'!CK4='DU DOAN'!K4,'DU DOAN'!CL4='DU DOAN'!L4),3*'DU DOAN'!C4,IF(('DU DOAN'!CK4-'DU DOAN'!CL4)=('DU DOAN'!K4-'DU DOAN'!L4),2*'DU DOAN'!C4,IF(SIGN('DU DOAN'!CK4-'DU DOAN'!CL4)=SIGN('DU DOAN'!K4-'DU DOAN'!L4),1*'DU DOAN'!C4,0)))) -> 0 | AT4: =IF(OR('DU DOAN'!K4="",'DU DOAN'!L4="",'DU DOAN'!CM4="",'DU DOAN'!CN4=""),0,IF(AND('DU DOAN'!CM4='DU DOAN'!K4,'DU DOAN'!CN4='DU DOAN'!L4),3*'DU DOAN'!C4,IF(('DU DOAN'!CM4-'DU DOAN'!CN4)=('DU DOAN'!K4-'DU DOAN'!L4),2*'DU DOAN'!C4,IF(SIGN('DU DOAN'!CM4-'DU DOAN'!CN4)=SIGN('DU DOAN'!K4-'DU DOAN'!L4),1*'DU DOAN'!C4,0)))) -> 0 | AU4: =IF(OR('DU DOAN'!K4="",'DU DOAN'!L4="",'DU DOAN'!CO4="",'DU DOAN'!CP4=""),0,IF(AND('DU DOAN'!CO4='DU DOAN'!K4,'DU DOAN'!CP4='DU DOAN'!L4),3*'DU DOAN'!C4,IF(('DU DOAN'!CO4-'DU DOAN'!CP4)=('DU DOAN'!K4-'DU DOAN'!L4),2*'DU DOAN'!C4,IF(SIGN('DU DOAN'!CO4-'DU DOAN'!CP4)=SIGN('DU DOAN'!K4-'DU DOAN'!L4),1*'DU DOAN'!C4,0)))) -> 0 | AV4: =IF(OR('DU DOAN'!K4="",'DU DOAN'!L4="",'DU DOAN'!CQ4="",'DU DOAN'!CR4=""),0,IF(AND('DU DOAN'!CQ4='DU DOAN'!K4,'DU DOAN'!CR4='DU DOAN'!L4),3*'DU DOAN'!C4,IF(('DU DOAN'!CQ4-'DU DOAN'!CR4)=('DU DOAN'!K4-'DU DOAN'!L4),2*'DU DOAN'!C4,IF(SIGN('DU DOAN'!CQ4-'DU DOAN'!CR4)=SIGN('DU DOAN'!K4-'DU DOAN'!L4),1*'DU DOAN'!C4,0)))) -> 0 | AW4: =IF(OR('DU DOAN'!K4="",'DU DOAN'!L4="",'DU DOAN'!CS4="",'DU DOAN'!CT4=""),0,IF(AND('DU DOAN'!CS4='DU DOAN'!K4,'DU DOAN'!CT4='DU DOAN'!L4),3*'DU DOAN'!C4,IF(('DU DOAN'!CS4-'DU DOAN'!CT4)=('DU DOAN'!K4-'DU DOAN'!L4),2*'DU DOAN'!C4,IF(SIGN('DU DOAN'!CS4-'DU DOAN'!CT4)=SIGN('DU DOAN'!K4-'DU DOAN'!L4),1*'DU DOAN'!C4,0)))) -> 0 | AX4: =IF(OR('DU DOAN'!K4="",'DU DOAN'!L4="",'DU DOAN'!CU4="",'DU DOAN'!CV4=""),0,IF(AND('DU DOAN'!CU4='DU DOAN'!K4,'DU DOAN'!CV4='DU DOAN'!L4),3*'DU DOAN'!C4,IF(('DU DOAN'!CU4-'DU DOAN'!CV4)=('DU DOAN'!K4-'DU DOAN'!L4),2*'DU DOAN'!C4,IF(SIGN('DU DOAN'!CU4-'DU DOAN'!CV4)=SIGN('DU DOAN'!K4-'DU DOAN'!L4),1*'DU DOAN'!C4,0)))) -> 0 | AY4: =IF(OR('DU DOAN'!K4="",'DU DOAN'!L4="",'DU DOAN'!CW4="",'DU DOAN'!CX4=""),0,IF(AND('DU DOAN'!CW4='DU DOAN'!K4,'DU DOAN'!CX4='DU DOAN'!L4),3*'DU DOAN'!C4,IF(('DU DOAN'!CW4-'DU DOAN'!CX4)=('DU DOAN'!K4-'DU DOAN'!L4),2*'DU DOAN'!C4,IF(SIGN('DU DOAN'!CW4-'DU DOAN'!CX4)=SIGN('DU DOAN'!K4-'DU DOAN'!L4),1*'DU DOAN'!C4,0)))) -> 0 | AZ4: =IF(OR('DU DOAN'!K4="",'DU DOAN'!L4="",'DU DOAN'!CY4="",'DU DOAN'!CZ4=""),0,IF(AND('DU DOAN'!CY4='DU DOAN'!K4,'DU DOAN'!CZ4='DU DOAN'!L4),3*'DU DOAN'!C4,IF(('DU DOAN'!CY4-'DU DOAN'!CZ4)=('DU DOAN'!K4-'DU DOAN'!L4),2*'DU DOAN'!C4,IF(SIGN('DU DOAN'!CY4-'DU DOAN'!CZ4)=SIGN('DU DOAN'!K4-'DU DOAN'!L4),1*'DU DOAN'!C4,0)))) -> 0 | BA4: =IF(OR('DU DOAN'!K4="",'DU DOAN'!L4="",'DU DOAN'!DA4="",'DU DOAN'!DB4=""),0,IF(AND('DU DOAN'!DA4='DU DOAN'!K4,'DU DOAN'!DB4='DU DOAN'!L4),3*'DU DOAN'!C4,IF(('DU DOAN'!DA4-'DU DOAN'!DB4)=('DU DOAN'!K4-'DU DOAN'!L4),2*'DU DOAN'!C4,IF(SIGN('DU DOAN'!DA4-'DU DOAN'!DB4)=SIGN('DU DOAN'!K4-'DU DOAN'!L4),1*'DU DOAN'!C4,0)))) -> 0 | BB4: =IF(OR('DU DOAN'!K4="",'DU DOAN'!L4="",'DU DOAN'!DC4="",'DU DOAN'!DD4=""),0,IF(AND('DU DOAN'!DC4='DU DOAN'!K4,'DU DOAN'!DD4='DU DOAN'!L4),3*'DU DOAN'!C4,IF(('DU DOAN'!DC4-'DU DOAN'!DD4)=('DU DOAN'!K4-'DU DOAN'!L4),2*'DU DOAN'!C4,IF(SIGN('DU DOAN'!DC4-'DU DOAN'!DD4)=SIGN('DU DOAN'!K4-'DU DOAN'!L4),1*'DU DOAN'!C4,0)))) -> 0 | BC4: =IF(OR('DU DOAN'!K4="",'DU DOAN'!L4="",'DU DOAN'!DE4="",'DU DOAN'!DF4=""),0,IF(AND('DU DOAN'!DE4='DU DOAN'!K4,'DU DOAN'!DF4='DU DOAN'!L4),3*'DU DOAN'!C4,IF(('DU DOAN'!DE4-'DU DOAN'!DF4)=('DU DOAN'!K4-'DU DOAN'!L4),2*'DU DOAN'!C4,IF(SIGN('DU DOAN'!DE4-'DU DOAN'!DF4)=SIGN('DU DOAN'!K4-'DU DOAN'!L4),1*'DU DOAN'!C4,0)))) -> 0 | BD4: =IF(OR('DU DOAN'!K4="",'DU DOAN'!L4="",'DU DOAN'!DG4="",'DU DOAN'!DH4=""),0,IF(AND('DU DOAN'!DG4='DU DOAN'!K4,'DU DOAN'!DH4='DU DOAN'!L4),3*'DU DOAN'!C4,IF(('DU DOAN'!DG4-'DU DOAN'!DH4)=('DU DOAN'!K4-'DU DOAN'!L4),2*'DU DOAN'!C4,IF(SIGN('DU DOAN'!DG4-'DU DOAN'!DH4)=SIGN('DU DOAN'!K4-'DU DOAN'!L4),1*'DU DOAN'!C4,0)))) -> 0 | BE4: =IF(OR('DU DOAN'!K4="",'DU DOAN'!L4="",'DU DOAN'!DI4="",'DU DOAN'!DJ4=""),0,IF(AND('DU DOAN'!DI4='DU DOAN'!K4,'DU DOAN'!DJ4='DU DOAN'!L4),3*'DU DOAN'!C4,IF(('DU DOAN'!DI4-'DU DOAN'!DJ4)=('DU DOAN'!K4-'DU DOAN'!L4),2*'DU DOAN'!C4,IF(SIGN('DU DOAN'!DI4-'DU DOAN'!DJ4)=SIGN('DU DOAN'!K4-'DU DOAN'!L4),1*'DU DOAN'!C4,0)))) -> 0 | BF4: =IF(OR('DU DOAN'!K4="",'DU DOAN'!L4="",'DU DOAN'!DK4="",'DU DOAN'!DL4=""),0,IF(AND('DU DOAN'!DK4='DU DOAN'!K4,'DU DOAN'!DL4='DU DOAN'!L4),3*'DU DOAN'!C4,IF(('DU DOAN'!DK4-'DU DOAN'!DL4)=('DU DOAN'!K4-'DU DOAN'!L4),2*'DU DOAN'!C4,IF(SIGN('DU DOAN'!DK4-'DU DOAN'!DL4)=SIGN('DU DOAN'!K4-'DU DOAN'!L4),1*'DU DOAN'!C4,0)))) -> 0 | BG4: =IF(OR('DU DOAN'!K4="",'DU DOAN'!L4="",'DU DOAN'!DM4="",'DU DOAN'!DN4=""),0,IF(AND('DU DOAN'!DM4='DU DOAN'!K4,'DU DOAN'!DN4='DU DOAN'!L4),3*'DU DOAN'!C4,IF(('DU DOAN'!DM4-'DU DOAN'!DN4)=('DU DOAN'!K4-'DU DOAN'!L4),2*'DU DOAN'!C4,IF(SIGN('DU DOAN'!DM4-'DU DOAN'!DN4)=SIGN('DU DOAN'!K4-'DU DOAN'!L4),1*'DU DOAN'!C4,0)))) -> 0 | BH4: =IF(OR('DU DOAN'!K4="",'DU DOAN'!L4="",'DU DOAN'!DO4="",'DU DOAN'!DP4=""),0,IF(AND('DU DOAN'!DO4='DU DOAN'!K4,'DU DOAN'!DP4='DU DOAN'!L4),3*'DU DOAN'!C4,IF(('DU DOAN'!DO4-'DU DOAN'!DP4)=('DU DOAN'!K4-'DU DOAN'!L4),2*'DU DOAN'!C4,IF(SIGN('DU DOAN'!DO4-'DU DOAN'!DP4)=SIGN('DU DOAN'!K4-'DU DOAN'!L4),1*'DU DOAN'!C4,0)))) -> 0 | BI4: =IF(OR('DU DOAN'!K4="",'DU DOAN'!L4="",'DU DOAN'!DQ4="",'DU DOAN'!DR4=""),0,IF(AND('DU DOAN'!DQ4='DU DOAN'!K4,'DU DOAN'!DR4='DU DOAN'!L4),3*'DU DOAN'!C4,IF(('DU DOAN'!DQ4-'DU DOAN'!DR4)=('DU DOAN'!K4-'DU DOAN'!L4),2*'DU DOAN'!C4,IF(SIGN('DU DOAN'!DQ4-'DU DOAN'!DR4)=SIGN('DU DOAN'!K4-'DU DOAN'!L4),1*'DU DOAN'!C4,0)))) -> 0 | BJ4: =IF(OR('DU DOAN'!K4="",'DU DOAN'!L4="",'DU DOAN'!DS4="",'DU DOAN'!DT4=""),0,IF(AND('DU DOAN'!DS4='DU DOAN'!K4,'DU DOAN'!DT4='DU DOAN'!L4),3*'DU DOAN'!C4,IF(('DU DOAN'!DS4-'DU DOAN'!DT4)=('DU DOAN'!K4-'DU DOAN'!L4),2*'DU DOAN'!C4,IF(SIGN('DU DOAN'!DS4-'DU DOAN'!DT4)=SIGN('DU DOAN'!K4-'DU DOAN'!L4),1*'DU DOAN'!C4,0)))) -> 0 | BK4: =IF(OR('DU DOAN'!K4="",'DU DOAN'!L4="",'DU DOAN'!DU4="",'DU DOAN'!DV4=""),0,IF(AND('DU DOAN'!DU4='DU DOAN'!K4,'DU DOAN'!DV4='DU DOAN'!L4),3*'DU DOAN'!C4,IF(('DU DOAN'!DU4-'DU DOAN'!DV4)=('DU DOAN'!K4-'DU DOAN'!L4),2*'DU DOAN'!C4,IF(SIGN('DU DOAN'!DU4-'DU DOAN'!DV4)=SIGN('DU DOAN'!K4-'DU DOAN'!L4),1*'DU DOAN'!C4,0)))) -> 0 | BL4: =IF(OR('DU DOAN'!K4="",'DU DOAN'!L4="",'DU DOAN'!DW4="",'DU DOAN'!DX4=""),0,IF(AND('DU DOAN'!DW4='DU DOAN'!K4,'DU DOAN'!DX4='DU DOAN'!L4),3*'DU DOAN'!C4,IF(('DU DOAN'!DW4-'DU DOAN'!DX4)=('DU DOAN'!K4-'DU DOAN'!L4),2*'DU DOAN'!C4,IF(SIGN('DU DOAN'!DW4-'DU DOAN'!DX4)=SIGN('DU DOAN'!K4-'DU DOAN'!L4),1*'DU DOAN'!C4,0)))) -> 0 | BM4: =IF(OR('DU DOAN'!K4="",'DU DOAN'!L4="",'DU DOAN'!DY4="",'DU DOAN'!DZ4=""),0,IF(AND('DU DOAN'!DY4='DU DOAN'!K4,'DU DOAN'!DZ4='DU DOAN'!L4),3*'DU DOAN'!C4,IF(('DU DOAN'!DY4-'DU DOAN'!DZ4)=('DU DOAN'!K4-'DU DOAN'!L4),2*'DU DOAN'!C4,IF(SIGN('DU DOAN'!DY4-'DU DOAN'!DZ4)=SIGN('DU DOAN'!K4-'DU DOAN'!L4),1*'DU DOAN'!C4,0)))) -> 0 | BN4: =IF(OR('DU DOAN'!K4="",'DU DOAN'!L4="",'DU DOAN'!EA4="",'DU DOAN'!EB4=""),0,IF(AND('DU DOAN'!EA4='DU DOAN'!K4,'DU DOAN'!EB4='DU DOAN'!L4),3*'DU DOAN'!C4,IF(('DU DOAN'!EA4-'DU DOAN'!EB4)=('DU DOAN'!K4-'DU DOAN'!L4),2*'DU DOAN'!C4,IF(SIGN('DU DOAN'!EA4-'DU DOAN'!EB4)=SIGN('DU DOAN'!K4-'DU DOAN'!L4),1*'DU DOAN'!C4,0)))) -> 0 | BO4: =IF(OR('DU DOAN'!K4="",'DU DOAN'!L4="",'DU DOAN'!EC4="",'DU DOAN'!ED4=""),0,IF(AND('DU DOAN'!EC4='DU DOAN'!K4,'DU DOAN'!ED4='DU DOAN'!L4),3*'DU DOAN'!C4,IF(('DU DOAN'!EC4-'DU DOAN'!ED4)=('DU DOAN'!K4-'DU DOAN'!L4),2*'DU DOAN'!C4,IF(SIGN('DU DOAN'!EC4-'DU DOAN'!ED4)=SIGN('DU DOAN'!K4-'DU DOAN'!L4),1*'DU DOAN'!C4,0)))) -> 0 | BP4: =IF(OR('DU DOAN'!K4="",'DU DOAN'!L4="",'DU DOAN'!EE4="",'DU DOAN'!EF4=""),0,IF(AND('DU DOAN'!EE4='DU DOAN'!K4,'DU DOAN'!EF4='DU DOAN'!L4),3*'DU DOAN'!C4,IF(('DU DOAN'!EE4-'DU DOAN'!EF4)=('DU DOAN'!K4-'DU DOAN'!L4),2*'DU DOAN'!C4,IF(SIGN('DU DOAN'!EE4-'DU DOAN'!EF4)=SIGN('DU DOAN'!K4-'DU DOAN'!L4),1*'DU DOAN'!C4,0)))) -> 0 | BQ4: =IF(OR('DU DOAN'!K4="",'DU DOAN'!L4="",'DU DOAN'!EG4="",'DU DOAN'!EH4=""),0,IF(AND('DU DOAN'!EG4='DU DOAN'!K4,'DU DOAN'!EH4='DU DOAN'!L4),3*'DU DOAN'!C4,IF(('DU DOAN'!EG4-'DU DOAN'!EH4)=('DU DOAN'!K4-'DU DOAN'!L4),2*'DU DOAN'!C4,IF(SIGN('DU DOAN'!EG4-'DU DOAN'!EH4)=SIGN('DU DOAN'!K4-'DU DOAN'!L4),1*'DU DOAN'!C4,0)))) -> 0 | BR4: =IF(OR('DU DOAN'!K4="",'DU DOAN'!L4="",'DU DOAN'!EI4="",'DU DOAN'!EJ4=""),0,IF(AND('DU DOAN'!EI4='DU DOAN'!K4,'DU DOAN'!EJ4='DU DOAN'!L4),3*'DU DOAN'!C4,IF(('DU DOAN'!EI4-'DU DOAN'!EJ4)=('DU DOAN'!K4-'DU DOAN'!L4),2*'DU DOAN'!C4,IF(SIGN('DU DOAN'!EI4-'DU DOAN'!EJ4)=SIGN('DU DOAN'!K4-'DU DOAN'!L4),1*'DU DOAN'!C4,0)))) -> 0 | BS4: =IF(OR('DU DOAN'!K4="",'DU DOAN'!L4="",'DU DOAN'!EK4="",'DU DOAN'!EL4=""),0,IF(AND('DU DOAN'!EK4='DU DOAN'!K4,'DU DOAN'!EL4='DU DOAN'!L4),3*'DU DOAN'!C4,IF(('DU DOAN'!EK4-'DU DOAN'!EL4)=('DU DOAN'!K4-'DU DOAN'!L4),2*'DU DOAN'!C4,IF(SIGN('DU DOAN'!EK4-'DU DOAN'!EL4)=SIGN('DU DOAN'!K4-'DU DOAN'!L4),1*'DU DOAN'!C4,0)))) -> 0 | BT4: =IF(OR('DU DOAN'!K4="",'DU DOAN'!L4="",'DU DOAN'!EM4="",'DU DOAN'!EN4=""),0,IF(AND('DU DOAN'!EM4='DU DOAN'!K4,'DU DOAN'!EN4='DU DOAN'!L4),3*'DU DOAN'!C4,IF(('DU DOAN'!EM4-'DU DOAN'!EN4)=('DU DOAN'!K4-'DU DOAN'!L4),2*'DU DOAN'!C4,IF(SIGN('DU DOAN'!EM4-'DU DOAN'!EN4)=SIGN('DU DOAN'!K4-'DU DOAN'!L4),1*'DU DOAN'!C4,0)))) -> 0 | BU4: =IF(OR('DU DOAN'!K4="",'DU DOAN'!L4="",'DU DOAN'!EO4="",'DU DOAN'!EP4=""),0,IF(AND('DU DOAN'!EO4='DU DOAN'!K4,'DU DOAN'!EP4='DU DOAN'!L4),3*'DU DOAN'!C4,IF(('DU DOAN'!EO4-'DU DOAN'!EP4)=('DU DOAN'!K4-'DU DOAN'!L4),2*'DU DOAN'!C4,IF(SIGN('DU DOAN'!EO4-'DU DOAN'!EP4)=SIGN('DU DOAN'!K4-'DU DOAN'!L4),1*'DU DOAN'!C4,0)))) -> 0 | BV4: =IF(OR('DU DOAN'!K4="",'DU DOAN'!L4="",'DU DOAN'!EQ4="",'DU DOAN'!ER4=""),0,IF(AND('DU DOAN'!EQ4='DU DOAN'!K4,'DU DOAN'!ER4='DU DOAN'!L4),3*'DU DOAN'!C4,IF(('DU DOAN'!EQ4-'DU DOAN'!ER4)=('DU DOAN'!K4-'DU DOAN'!L4),2*'DU DOAN'!C4,IF(SIGN('DU DOAN'!EQ4-'DU DOAN'!ER4)=SIGN('DU DOAN'!K4-'DU DOAN'!L4),1*'DU DOAN'!C4,0)))) -> 0 | BW4: =IF(OR('DU DOAN'!K4="",'DU DOAN'!L4="",'DU DOAN'!ES4="",'DU DOAN'!ET4=""),0,IF(AND('DU DOAN'!ES4='DU DOAN'!K4,'DU DOAN'!ET4='DU DOAN'!L4),3*'DU DOAN'!C4,IF(('DU DOAN'!ES4-'DU DOAN'!ET4)=('DU DOAN'!K4-'DU DOAN'!L4),2*'DU DOAN'!C4,IF(SIGN('DU DOAN'!ES4-'DU DOAN'!ET4)=SIGN('DU DOAN'!K4-'DU DOAN'!L4),1*'DU DOAN'!C4,0)))) -> 0 | BX4: =IF(OR('DU DOAN'!K4="",'DU DOAN'!L4="",'DU DOAN'!EU4="",'DU DOAN'!EV4=""),0,IF(AND('DU DOAN'!EU4='DU DOAN'!K4,'DU DOAN'!EV4='DU DOAN'!L4),3*'DU DOAN'!C4,IF(('DU DOAN'!EU4-'DU DOAN'!EV4)=('DU DOAN'!K4-'DU DOAN'!L4),2*'DU DOAN'!C4,IF(SIGN('DU DOAN'!EU4-'DU DOAN'!EV4)=SIGN('DU DOAN'!K4-'DU DOAN'!L4),1*'DU DOAN'!C4,0)))) -> 0 | BY4: =IF(OR('DU DOAN'!K4="",'DU DOAN'!L4="",'DU DOAN'!EW4="",'DU DOAN'!EX4=""),0,IF(AND('DU DOAN'!EW4='DU DOAN'!K4,'DU DOAN'!EX4='DU DOAN'!L4),3*'DU DOAN'!C4,IF(('DU DOAN'!EW4-'DU DOAN'!EX4)=('DU DOAN'!K4-'DU DOAN'!L4),2*'DU DOAN'!C4,IF(SIGN('DU DOAN'!EW4-'DU DOAN'!EX4)=SIGN('DU DOAN'!K4-'DU DOAN'!L4),1*'DU DOAN'!C4,0)))) -> 0 | BZ4: =IF(OR('DU DOAN'!K4="",'DU DOAN'!L4="",'DU DOAN'!EY4="",'DU DOAN'!EZ4=""),0,IF(AND('DU DOAN'!EY4='DU DOAN'!K4,'DU DOAN'!EZ4='DU DOAN'!L4),3*'DU DOAN'!C4,IF(('DU DOAN'!EY4-'DU DOAN'!EZ4)=('DU DOAN'!K4-'DU DOAN'!L4),2*'DU DOAN'!C4,IF(SIGN('DU DOAN'!EY4-'DU DOAN'!EZ4)=SIGN('DU DOAN'!K4-'DU DOAN'!L4),1*'DU DOAN'!C4,0)))) -> 0 | CA4: =IF(OR('DU DOAN'!K4="",'DU DOAN'!L4="",'DU DOAN'!FA4="",'DU DOAN'!FB4=""),0,IF(AND('DU DOAN'!FA4='DU DOAN'!K4,'DU DOAN'!FB4='DU DOAN'!L4),3*'DU DOAN'!C4,IF(('DU DOAN'!FA4-'DU DOAN'!FB4)=('DU DOAN'!K4-'DU DOAN'!L4),2*'DU DOAN'!C4,IF(SIGN('DU DOAN'!FA4-'DU DOAN'!FB4)=SIGN('DU DOAN'!K4-'DU DOAN'!L4),1*'DU DOAN'!C4,0)))) -> 0 | CB4: =IF(OR('DU DOAN'!K4="",'DU DOAN'!L4="",'DU DOAN'!FC4="",'DU DOAN'!FD4=""),0,IF(AND('DU DOAN'!FC4='DU DOAN'!K4,'DU DOAN'!FD4='DU DOAN'!L4),3*'DU DOAN'!C4,IF(('DU DOAN'!FC4-'DU DOAN'!FD4)=('DU DOAN'!K4-'DU DOAN'!L4),2*'DU DOAN'!C4,IF(SIGN('DU DOAN'!FC4-'DU DOAN'!FD4)=SIGN('DU DOAN'!K4-'DU DOAN'!L4),1*'DU DOAN'!C4,0)))) -> 0 | CC4: =IF(OR('DU DOAN'!K4="",'DU DOAN'!L4="",'DU DOAN'!FE4="",'DU DOAN'!FF4=""),0,IF(AND('DU DOAN'!FE4='DU DOAN'!K4,'DU DOAN'!FF4='DU DOAN'!L4),3*'DU DOAN'!C4,IF(('DU DOAN'!FE4-'DU DOAN'!FF4)=('DU DOAN'!K4-'DU DOAN'!L4),2*'DU DOAN'!C4,IF(SIGN('DU DOAN'!FE4-'DU DOAN'!FF4)=SIGN('DU DOAN'!K4-'DU DOAN'!L4),1*'DU DOAN'!C4,0)))) -> 0 | CD4: =IF(OR('DU DOAN'!K4="",'DU DOAN'!L4="",'DU DOAN'!FG4="",'DU DOAN'!FH4=""),0,IF(AND('DU DOAN'!FG4='DU DOAN'!K4,'DU DOAN'!FH4='DU DOAN'!L4),3*'DU DOAN'!C4,IF(('DU DOAN'!FG4-'DU DOAN'!FH4)=('DU DOAN'!K4-'DU DOAN'!L4),2*'DU DOAN'!C4,IF(SIGN('DU DOAN'!FG4-'DU DOAN'!FH4)=SIGN('DU DOAN'!K4-'DU DOAN'!L4),1*'DU DOAN'!C4,0)))) -> 0 | CE4: =IF(OR('DU DOAN'!K4="",'DU DOAN'!L4="",'DU DOAN'!FI4="",'DU DOAN'!FJ4=""),0,IF(AND('DU DOAN'!FI4='DU DOAN'!K4,'DU DOAN'!FJ4='DU DOAN'!L4),3*'DU DOAN'!C4,IF(('DU DOAN'!FI4-'DU DOAN'!FJ4)=('DU DOAN'!K4-'DU DOAN'!L4),2*'DU DOAN'!C4,IF(SIGN('DU DOAN'!FI4-'DU DOAN'!FJ4)=SIGN('DU DOAN'!K4-'DU DOAN'!L4),1*'DU DOAN'!C4,0)))) -> 0 | CF4: =IF(OR('DU DOAN'!K4="",'DU DOAN'!L4="",'DU DOAN'!FK4="",'DU DOAN'!FL4=""),0,IF(AND('DU DOAN'!FK4='DU DOAN'!K4,'DU DOAN'!FL4='DU DOAN'!L4),3*'DU DOAN'!C4,IF(('DU DOAN'!FK4-'DU DOAN'!FL4)=('DU DOAN'!K4-'DU DOAN'!L4),2*'DU DOAN'!C4,IF(SIGN('DU DOAN'!FK4-'DU DOAN'!FL4)=SIGN('DU DOAN'!K4-'DU DOAN'!L4),1*'DU DOAN'!C4,0)))) -> 0 | CG4: =IF(OR('DU DOAN'!K4="",'DU DOAN'!L4="",'DU DOAN'!FM4="",'DU DOAN'!FN4=""),0,IF(AND('DU DOAN'!FM4='DU DOAN'!K4,'DU DOAN'!FN4='DU DOAN'!L4),3*'DU DOAN'!C4,IF(('DU DOAN'!FM4-'DU DOAN'!FN4)=('DU DOAN'!K4-'DU DOAN'!L4),2*'DU DOAN'!C4,IF(SIGN('DU DOAN'!FM4-'DU DOAN'!FN4)=SIGN('DU DOAN'!K4-'DU DOAN'!L4),1*'DU DOAN'!C4,0)))) -> 0 | CH4: =IF(OR('DU DOAN'!K4="",'DU DOAN'!L4="",'DU DOAN'!FO4="",'DU DOAN'!FP4=""),0,IF(AND('DU DOAN'!FO4='DU DOAN'!K4,'DU DOAN'!FP4='DU DOAN'!L4),3*'DU DOAN'!C4,IF(('DU DOAN'!FO4-'DU DOAN'!FP4)=('DU DOAN'!K4-'DU DOAN'!L4),2*'DU DOAN'!C4,IF(SIGN('DU DOAN'!FO4-'DU DOAN'!FP4)=SIGN('DU DOAN'!K4-'DU DOAN'!L4),1*'DU DOAN'!C4,0)))) -> 0 | CI4: =IF(OR('DU DOAN'!K4="",'DU DOAN'!L4="",'DU DOAN'!FQ4="",'DU DOAN'!FR4=""),0,IF(AND('DU DOAN'!FQ4='DU DOAN'!K4,'DU DOAN'!FR4='DU DOAN'!L4),3*'DU DOAN'!C4,IF(('DU DOAN'!FQ4-'DU DOAN'!FR4)=('DU DOAN'!K4-'DU DOAN'!L4),2*'DU DOAN'!C4,IF(SIGN('DU DOAN'!FQ4-'DU DOAN'!FR4)=SIGN('DU DOAN'!K4-'DU DOAN'!L4),1*'DU DOAN'!C4,0)))) -> 0 | CJ4: =IF(OR('DU DOAN'!K4="",'DU DOAN'!L4="",'DU DOAN'!FS4="",'DU DOAN'!FT4=""),0,IF(AND('DU DOAN'!FS4='DU DOAN'!K4,'DU DOAN'!FT4='DU DOAN'!L4),3*'DU DOAN'!C4,IF(('DU DOAN'!FS4-'DU DOAN'!FT4)=('DU DOAN'!K4-'DU DOAN'!L4),2*'DU DOAN'!C4,IF(SIGN('DU DOAN'!FS4-'DU DOAN'!FT4)=SIGN('DU DOAN'!K4-'DU DOAN'!L4),1*'DU DOAN'!C4,0)))) -> 0 | CK4: =IF(OR('DU DOAN'!K4="",'DU DOAN'!L4="",'DU DOAN'!FU4="",'DU DOAN'!FV4=""),0,IF(AND('DU DOAN'!FU4='DU DOAN'!K4,'DU DOAN'!FV4='DU DOAN'!L4),3*'DU DOAN'!C4,IF(('DU DOAN'!FU4-'DU DOAN'!FV4)=('DU DOAN'!K4-'DU DOAN'!L4),2*'DU DOAN'!C4,IF(SIGN('DU DOAN'!FU4-'DU DOAN'!FV4)=SIGN('DU DOAN'!K4-'DU DOAN'!L4),1*'DU DOAN'!C4,0)))) -> 0 | CL4: =IF(OR('DU DOAN'!K4="",'DU DOAN'!L4="",'DU DOAN'!FW4="",'DU DOAN'!FX4=""),0,IF(AND('DU DOAN'!FW4='DU DOAN'!K4,'DU DOAN'!FX4='DU DOAN'!L4),3*'DU DOAN'!C4,IF(('DU DOAN'!FW4-'DU DOAN'!FX4)=('DU DOAN'!K4-'DU DOAN'!L4),2*'DU DOAN'!C4,IF(SIGN('DU DOAN'!FW4-'DU DOAN'!FX4)=SIGN('DU DOAN'!K4-'DU DOAN'!L4),1*'DU DOAN'!C4,0)))) -> 0 | CM4: =IF(OR('DU DOAN'!K4="",'DU DOAN'!L4="",'DU DOAN'!FY4="",'DU DOAN'!FZ4=""),0,IF(AND('DU DOAN'!FY4='DU DOAN'!K4,'DU DOAN'!FZ4='DU DOAN'!L4),3*'DU DOAN'!C4,IF(('DU DOAN'!FY4-'DU DOAN'!FZ4)=('DU DOAN'!K4-'DU DOAN'!L4),2*'DU DOAN'!C4,IF(SIGN('DU DOAN'!FY4-'DU DOAN'!FZ4)=SIGN('DU DOAN'!K4-'DU DOAN'!L4),1*'DU DOAN'!C4,0)))) -> 0 | CN4: =IF(OR('DU DOAN'!K4="",'DU DOAN'!L4="",'DU DOAN'!GA4="",'DU DOAN'!GB4=""),0,IF(AND('DU DOAN'!GA4='DU DOAN'!K4,'DU DOAN'!GB4='DU DOAN'!L4),3*'DU DOAN'!C4,IF(('DU DOAN'!GA4-'DU DOAN'!GB4)=('DU DOAN'!K4-'DU DOAN'!L4),2*'DU DOAN'!C4,IF(SIGN('DU DOAN'!GA4-'DU DOAN'!GB4)=SIGN('DU DOAN'!K4-'DU DOAN'!L4),1*'DU DOAN'!C4,0)))) -> 0 | CO4: =IF(OR('DU DOAN'!K4="",'DU DOAN'!L4="",'DU DOAN'!GC4="",'DU DOAN'!GD4=""),0,IF(AND('DU DOAN'!GC4='DU DOAN'!K4,'DU DOAN'!GD4='DU DOAN'!L4),3*'DU DOAN'!C4,IF(('DU DOAN'!GC4-'DU DOAN'!GD4)=('DU DOAN'!K4-'DU DOAN'!L4),2*'DU DOAN'!C4,IF(SIGN('DU DOAN'!GC4-'DU DOAN'!GD4)=SIGN('DU DOAN'!K4-'DU DOAN'!L4),1*'DU DOAN'!C4,0)))) -> 0 | CP4: =IF(OR('DU DOAN'!K4="",'DU DOAN'!L4="",'DU DOAN'!GE4="",'DU DOAN'!GF4=""),0,IF(AND('DU DOAN'!GE4='DU DOAN'!K4,'DU DOAN'!GF4='DU DOAN'!L4),3*'DU DOAN'!C4,IF(('DU DOAN'!GE4-'DU DOAN'!GF4)=('DU DOAN'!K4-'DU DOAN'!L4),2*'DU DOAN'!C4,IF(SIGN('DU DOAN'!GE4-'DU DOAN'!GF4)=SIGN('DU DOAN'!K4-'DU DOAN'!L4),1*'DU DOAN'!C4,0)))) -> 0 | CQ4: =IF(OR('DU DOAN'!K4="",'DU DOAN'!L4="",'DU DOAN'!GG4="",'DU DOAN'!GH4=""),0,IF(AND('DU DOAN'!GG4='DU DOAN'!K4,'DU DOAN'!GH4='DU DOAN'!L4),3*'DU DOAN'!C4,IF(('DU DOAN'!GG4-'DU DOAN'!GH4)=('DU DOAN'!K4-'DU DOAN'!L4),2*'DU DOAN'!C4,IF(SIGN('DU DOAN'!GG4-'DU DOAN'!GH4)=SIGN('DU DOAN'!K4-'DU DOAN'!L4),1*'DU DOAN'!C4,0)))) -> 0 | CR4: =IF(OR('DU DOAN'!K4="",'DU DOAN'!L4="",'DU DOAN'!GI4="",'DU DOAN'!GJ4=""),0,IF(AND('DU DOAN'!GI4='DU DOAN'!K4,'DU DOAN'!GJ4='DU DOAN'!L4),3*'DU DOAN'!C4,IF(('DU DOAN'!GI4-'DU DOAN'!GJ4)=('DU DOAN'!K4-'DU DOAN'!L4),2*'DU DOAN'!C4,IF(SIGN('DU DOAN'!GI4-'DU DOAN'!GJ4)=SIGN('DU DOAN'!K4-'DU DOAN'!L4),1*'DU DOAN'!C4,0)))) -> 0 | CS4: =IF(OR('DU DOAN'!K4="",'DU DOAN'!L4="",'DU DOAN'!GK4="",'DU DOAN'!GL4=""),0,IF(AND('DU DOAN'!GK4='DU DOAN'!K4,'DU DOAN'!GL4='DU DOAN'!L4),3*'DU DOAN'!C4,IF(('DU DOAN'!GK4-'DU DOAN'!GL4)=('DU DOAN'!K4-'DU DOAN'!L4),2*'DU DOAN'!C4,IF(SIGN('DU DOAN'!GK4-'DU DOAN'!GL4)=SIGN('DU DOAN'!K4-'DU DOAN'!L4),1*'DU DOAN'!C4,0)))) -> 0 | CT4: =IF(OR('DU DOAN'!K4="",'DU DOAN'!L4="",'DU DOAN'!GM4="",'DU DOAN'!GN4=""),0,IF(AND('DU DOAN'!GM4='DU DOAN'!K4,'DU DOAN'!GN4='DU DOAN'!L4),3*'DU DOAN'!C4,IF(('DU DOAN'!GM4-'DU DOAN'!GN4)=('DU DOAN'!K4-'DU DOAN'!L4),2*'DU DOAN'!C4,IF(SIGN('DU DOAN'!GM4-'DU DOAN'!GN4)=SIGN('DU DOAN'!K4-'DU DOAN'!L4),1*'DU DOAN'!C4,0)))) -> 0 | CU4: =IF(OR('DU DOAN'!K4="",'DU DOAN'!L4="",'DU DOAN'!GO4="",'DU DOAN'!GP4=""),0,IF(AND('DU DOAN'!GO4='DU DOAN'!K4,'DU DOAN'!GP4='DU DOAN'!L4),3*'DU DOAN'!C4,IF(('DU DOAN'!GO4-'DU DOAN'!GP4)=('DU DOAN'!K4-'DU DOAN'!L4),2*'DU DOAN'!C4,IF(SIGN('DU DOAN'!GO4-'DU DOAN'!GP4)=SIGN('DU DOAN'!K4-'DU DOAN'!L4),1*'DU DOAN'!C4,0)))) -> 0 | CV4: =IF(OR('DU DOAN'!K4="",'DU DOAN'!L4="",'DU DOAN'!GQ4="",'DU DOAN'!GR4=""),0,IF(AND('DU DOAN'!GQ4='DU DOAN'!K4,'DU DOAN'!GR4='DU DOAN'!L4),3*'DU DOAN'!C4,IF(('DU DOAN'!GQ4-'DU DOAN'!GR4)=('DU DOAN'!K4-'DU DOAN'!L4),2*'DU DOAN'!C4,IF(SIGN('DU DOAN'!GQ4-'DU DOAN'!GR4)=SIGN('DU DOAN'!K4-'DU DOAN'!L4),1*'DU DOAN'!C4,0)))) -> 0 | CW4: =IF(OR('DU DOAN'!K4="",'DU DOAN'!L4="",'DU DOAN'!GS4="",'DU DOAN'!GT4=""),0,IF(AND('DU DOAN'!GS4='DU DOAN'!K4,'DU DOAN'!GT4='DU DOAN'!L4),3*'DU DOAN'!C4,IF(('DU DOAN'!GS4-'DU DOAN'!GT4)=('DU DOAN'!K4-'DU DOAN'!L4),2*'DU DOAN'!C4,IF(SIGN('DU DOAN'!GS4-'DU DOAN'!GT4)=SIGN('DU DOAN'!K4-'DU DOAN'!L4),1*'DU DOAN'!C4,0)))) -> 0 | CX4: =IF(OR('DU DOAN'!K4="",'DU DOAN'!L4="",'DU DOAN'!GU4="",'DU DOAN'!GV4=""),0,IF(AND('DU DOAN'!GU4='DU DOAN'!K4,'DU DOAN'!GV4='DU DOAN'!L4),3*'DU DOAN'!C4,IF(('DU DOAN'!GU4-'DU DOAN'!GV4)=('DU DOAN'!K4-'DU DOAN'!L4),2*'DU DOAN'!C4,IF(SIGN('DU DOAN'!GU4-'DU DOAN'!GV4)=SIGN('DU DOAN'!K4-'DU DOAN'!L4),1*'DU DOAN'!C4,0)))) -> 0 | CY4: =IF(OR('DU DOAN'!K4="",'DU DOAN'!L4="",'DU DOAN'!GW4="",'DU DOAN'!GX4=""),0,IF(AND('DU DOAN'!GW4='DU DOAN'!K4,'DU DOAN'!GX4='DU DOAN'!L4),3*'DU DOAN'!C4,IF(('DU DOAN'!GW4-'DU DOAN'!GX4)=('DU DOAN'!K4-'DU DOAN'!L4),2*'DU DOAN'!C4,IF(SIGN('DU DOAN'!GW4-'DU DOAN'!GX4)=SIGN('DU DOAN'!K4-'DU DOAN'!L4),1*'DU DOAN'!C4,0)))) -> 0 | CZ4: =IF(OR('DU DOAN'!K4="",'DU DOAN'!L4="",'DU DOAN'!GY4="",'DU DOAN'!GZ4=""),0,IF(AND('DU DOAN'!GY4='DU DOAN'!K4,'DU DOAN'!GZ4='DU DOAN'!L4),3*'DU DOAN'!C4,IF(('DU DOAN'!GY4-'DU DOAN'!GZ4)=('DU DOAN'!K4-'DU DOAN'!L4),2*'DU DOAN'!C4,IF(SIGN('DU DOAN'!GY4-'DU DOAN'!GZ4)=SIGN('DU DOAN'!K4-'DU DOAN'!L4),1*'DU DOAN'!C4,0)))) -> 0 | DA4: =IF(OR('DU DOAN'!K4="",'DU DOAN'!L4="",'DU DOAN'!HA4="",'DU DOAN'!HB4=""),0,IF(AND('DU DOAN'!HA4='DU DOAN'!K4,'DU DOAN'!HB4='DU DOAN'!L4),3*'DU DOAN'!C4,IF(('DU DOAN'!HA4-'DU DOAN'!HB4)=('DU DOAN'!K4-'DU DOAN'!L4),2*'DU DOAN'!C4,IF(SIGN('DU DOAN'!HA4-'DU DOAN'!HB4)=SIGN('DU DOAN'!K4-'DU DOAN'!L4),1*'DU DOAN'!C4,0)))) -> 0 | DB4: =IF(OR('DU DOAN'!K4="",'DU DOAN'!L4="",'DU DOAN'!HC4="",'DU DOAN'!HD4=""),0,IF(AND('DU DOAN'!HC4='DU DOAN'!K4,'DU DOAN'!HD4='DU DOAN'!L4),3*'DU DOAN'!C4,IF(('DU DOAN'!HC4-'DU DOAN'!HD4)=('DU DOAN'!K4-'DU DOAN'!L4),2*'DU DOAN'!C4,IF(SIGN('DU DOAN'!HC4-'DU DOAN'!HD4)=SIGN('DU DOAN'!K4-'DU DOAN'!L4),1*'DU DOAN'!C4,0)))) -> 0
